Date,LnShEq,EqMktNtr,DedShBs,GlobalMac ,MngdFut ,EmgMkts,EvntDrvn , CnvrtArb ,FxIncArb ,HFIndex,LRF,MktRF,SMB,HML,RMW,CMA,UMD,BondMkt,CreditS,PTFSBD,PTFSFX,PTFSCOM,LiqPS,LiqSadka,AlphaQuest,Transtrend,VFINX,VEXMX,NAESX,VVIAX,VBINX,VIMSX,VISGX,VISVX,MTUM,TSMOM,TSMOMCM,TSMOMEQ,TSMOMFI,TSMOMFX
1994-01-31,0.012,-0.0052,-0.016,0.0017,0.0022,0.1054,0.0368,0.0036,0.013,0.0114,0.0025,0.0287,-0.0006,0.0115,-0.0166,0.0143,0,-0.0002,-0.0002,-0.132,-0.301,-0.222,-0.0032,0.0022,,,3.38%,2.92%,3.62%,,2.27%,,,,,1.13%,-1.13%,11.18%,2.24%,-2.89%
1994-02-28,-0.0247,0.0024,0.02,-0.0565,0.012,-0.0114,-0.0015,0.0015,-0.02,-0.0409,0.0021,-0.0255,0.0267,-0.0154,0.0214,-0.01,-0.003,0.0022,-0.0011,0.459,0.136,-0.137,0.0087,0.0027,,,-2.71%,-1.46%,-0.35%,,-2.14%,,,,,-4.76%,0.66%,-10.22%,-25.87%,4.76%
1994-03-31,-0.039,-0.0024,0.0719,-0.0427,0.026,-0.0461,-0.0129,-0.0097,-0.0168,-0.0357,0.0027,-0.0478,-0.0104,0.016,0.0069,0.0128,-0.0127,0.0051,-0.0014,0.362,-0.11,0.025,0.0258,-0.0008,,,-4.39%,-4.48%,-5.09%,,-3.58%,,,,,-6.45%,-1.54%,-10.21%,-21.80%,-1.54%
1994-04-30,-0.0156,0.0025,0.0128,-0.0159,0.0086,-0.0836,-0.0066,-0.0252,-0.002,-0.0174,0.0027,0.0068,-0.0101,0.0166,0.0107,0.0111,0.0039,0.0049,-0.001,0.113,-0.077,0.005,0.0056,-0.0005,,,1.29%,0.84%,0.74%,,0.09%,,,,,-0.27%,-1.99%,3.93%,-3.81%,2.99%
1994-05-31,0.0057,-0.0011,0.0225,0.038,0.0076,-0.0073,-0.0015,-0.0102,0.0079,0.0223,0.0031,0.0058,-0.0256,0.0067,0.006,0.0068,-0.0219,0.0021,-0.0011,0.06,-0.292,-0.028,0.0317,0.001,,,1.61%,-0.44%,-0.87%,,0.63%,,,,,0.45%,6.32%,-7.43%,-2.89%,-2.59%
1994-06-30,-0.0231,0.007,0.0635,-0.0092,0.0415,0.0047,-0.0013,0.0021,-0.004,-0.0081,0.0031,-0.0303,-0.005,0.0167,0.0121,0.0147,-0.0087,-0.0008,0.0011,0.201,0.28,-0.076,0.0001,-0.0014,,,-2.45%,-3.09%,-3.24%,,-1.71%,,,,,-1.27%,-1.27%,-10.23%,2.56%,2.29%
1994-07-31,0.0129,-0.01,-0.0118,-0.0035,-0.0101,0.0581,0.0054,0.0014,-0.0018,0.0035,0.0028,0.0282,-0.0185,0.0058,-0.0065,0.0014,0.001,0.002,-0.0005,-0.197,-0.058,-0.055,-0.0085,-0.0002,,,3.28%,2.69%,1.77%,,2.56%,,,,,-1.96%,-2.64%,0.70%,-6.21%,0.95%
1994-08-31,0.0164,-0.0099,-0.0566,0.0275,-0.0027,0.1642,0.0082,-0.0004,-0.0009,0.0277,0.0037,0.0401,0.0137,-0.0251,0.0095,-0.0147,0.0155,-0.0006,0,-0.095,-0.143,-0.108,0.0063,-0.0007,,,4.07%,4.88%,5.50%,,2.68%,,,,,1.98%,3.93%,1.39%,-1.44%,1.39%
1994-09-30,0.0025,-0.0094,0.0158,0.0025,0.0203,0.052,0.0075,-0.0119,0.007,0.0067,0.0037,-0.0231,0.028,-0.0189,0.0052,0.0093,0.0131,0.0022,0.0002,0.113,-0.053,0.011,0.0318,0.0004,,,-2.44%,-1.01%,-0.31%,,-1.83%,,,,,2.76%,3.84%,-4.34%,9.03%,0.72%
1994-10-31,0.0027,-0.0037,-0.0041,-0.0222,0.0118,-0.0351,-0.0073,-0.0136,0.0089,-0.0135,0.0038,0.0134,-0.023,-0.0162,0.0023,-0.0068,0.0149,0.0028,-0.0006,-0.13,0.044,-0.093,0.0111,-0.0003,,,2.25%,0.51%,-0.40%,,0.89%,,,,,1.65%,4.22%,-3.10%,1.94%,-0.20%
1994-11-30,-0.0285,-0.003,0.0303,0.0209,0.0165,-0.0142,-0.0106,-0.0017,0.0069,0.0041,0.0037,-0.0404,0.0007,-0.007,0.0042,-0.005,-0.0018,0.0022,-0.001,-0.148,-0.226,-0.102,-0.0222,-0.0004,,,-3.65%,-3.95%,-3.90%,,-2.28%,,,,,2.22%,6.86%,-0.04%,-1.66%,-2.13%
1994-12-31,-0.0035,0.0127,-0.0019,0.005,-0.0189,-0.0421,-0.0078,-0.0192,0.0057,-0.0021,0.0044,0.0086,0,-0.0013,0.0037,0.0038,0.0348,-0.0015,-0.0007,-0.063,-0.158,-0.12,0.0187,-0.0028,,,1.46%,1.28%,2.57%,,1.08%,,,,,1.85%,0.88%,3.53%,-0.20%,4.23%
1995-01-31,-0.0074,0.0047,0.0131,-0.0247,-0.0008,-0.0998,0.0051,-0.0062,0.0027,-0.0197,0.0042,0.018,-0.0306,0.0257,0.0017,-0.0075,-0.0181,-0.0003,0.0001,-0.187,-0.116,-0.042,-0.0312,0.0023,,-6.16%,2.58%,0.92%,-1.00%,,2.13%,,,,,0.80%,2.18%,1.23%,-4.99%,2.54%
1995-02-28,0.0304,0.0094,-0.0224,0.0007,-0.0127,-0.0788,0.0241,0.0118,0.0065,0.0045,0.004,0.0363,-0.0054,0.0108,0.0059,-0.0033,-0.0039,-0.0031,0.0008,-0.055,0.127,-0.107,-0.0268,-0.0009,,9.57%,3.88%,4.07%,3.63%,,3.22%,,,,,-2.47%,-1.65%,-0.53%,-15.00%,4.87%
1995-03-31,0.0081,0.0292,0.0038,0.0596,0.0946,-0.0551,0.0085,0.0132,-0.0044,0.0348,0.0046,0.0219,-0.0051,-0.0215,-0.0017,0.0022,0.0043,-0.0027,0.0012,0.056,0.903,0.235,0.0099,0.0002,,10.15%,2.96%,2.25%,2.13%,,1.77%,,,,,4.19%,-1.95%,6.35%,0.26%,18.11%
1995-04-30,0.0136,0.0227,-0.0037,0.0091,-0.0033,0.0725,0.021,0.0228,0.0202,0.0145,0.0044,0.0211,-0.0022,0.0171,0.0041,0.009,0.0179,-0.0014,0.0004,-0.128,-0.127,0.054,0.0032,0.0009,,2.16%,2.94%,1.79%,2.26%,,1.99%,,,,,-1.04%,1.32%,-7.56%,-0.50%,-1.33%
1995-05-31,0.0203,0.0041,-0.0125,0.0099,-0.047,0.0134,0.0113,0.0165,0.0201,0.0101,0.0054,0.029,-0.0219,0.0229,0.0039,0.0004,-0.0042,-0.0043,0.0003,0.425,-0.144,-0.1,-0.0118,0.0007,,6.49%,3.95%,2.36%,1.87%,,3.66%,,,,,1.09%,-0.94%,0.37%,13.37%,-4.53%
1995-06-30,0.0351,0.0152,-0.0691,-0.0068,-0.0574,0.0078,0.013,0.019,0.0052,0.0037,0.0047,0.0272,0.0306,-0.0254,-0.0033,-0.0244,0.0293,-0.0046,0.0016,0.069,-0.21,0.069,-0.0055,0,,3.63%,2.31%,4.61%,4.92%,,2.12%,,,,,1.03%,2.00%,4.49%,-5.10%,1.61%
1995-07-31,0.0515,0.0055,-0.0594,0.0224,0.0305,0.0222,0.0225,0.0086,0.0112,0.0276,0.0045,0.0372,0.0209,-0.0162,0.003,-0.0165,0.0257,0.0011,0.0003,-0.18,-0.229,-0.227,0.0396,0.0013,,-3.70%,3.31%,5.86%,5.84%,,2.30%,,,,,-1.45%,-1.08%,-0.40%,-2.07%,-2.44%
1995-08-31,0.0226,0.0068,0.0082,0.106,-0.0032,0.0098,0.0154,0.0077,0.0077,0.06,0.0047,0.0055,0.0175,0.0279,-0.0124,0.0162,0.0016,0.0021,-0.0006,-0.119,0.506,-0.095,-0.0214,0.0008,,-0.58%,0.26%,2.57%,2.14%,,1.05%,,,,,-1.56%,-1.51%,-0.66%,6.92%,-9.41%
1995-09-30,0.0111,-0.0057,-0.0293,0.002,-0.0935,0.0188,0.0187,0.0112,0.0104,0.0038,0.0043,0.0335,-0.0188,-0.0004,0.0103,0.0036,0.0291,-0.0029,0.0003,-0.025,0.081,0.005,-0.0769,-0.0002,,1.75%,4.21%,2.71%,1.73%,,2.67%,,,,,4.51%,1.88%,5.55%,7.82%,6.22%
1995-10-31,-0.0182,0.0028,0.0635,0.01,-0.0106,-0.0566,-0.0026,0.0129,0.0114,-0.0011,0.0047,-0.0152,-0.0404,-0.005,0.0191,-0.0005,0.0416,-0.0016,-0.0002,-0.08,-0.18,-0.134,0.0375,0.0011,,-3.81%,-0.36%,-2.71%,-4.34%,,0.00%,,,,,1.76%,0.52%,-3.01%,5.35%,4.82%
1995-11-30,0.0229,0.0029,-0.0097,0.0487,-0.0027,-0.0313,0.0113,0.0231,0.0168,0.0314,0.0042,0.0396,-0.0107,0.0051,-0.0062,0.0112,-0.0068,-0.0011,0.0004,0.057,-0.152,-0.144,0.0092,-0.0029,,2.07%,4.38%,4.13%,3.93%,,3.11%,,,,,3.28%,1.34%,1.26%,15.25%,-1.31%
1995-12-31,0.0209,0.0081,0.0494,0.0405,0.0459,0.0074,0.0218,0.0139,0.0107,0.0306,0.0049,0.0103,0.0072,0.0022,-0.0137,0.031,0.0252,-0.0022,0.0003,0.01,-0.167,0.089,-0.0163,0.0002,,5.70%,1.93%,1.16%,2.80%,,1.47%,,,,,1.56%,1.30%,-0.63%,4.46%,1.32%
1996-01-31,0.0197,0.021,0.0063,0.1046,0.0282,0.0786,0.0349,0.0207,0.0143,0.0697,0.0043,0.0226,-0.0256,0.0038,0.0018,0.0231,0.0054,-0.0006,0.0004,0.029,-0.065,-0.022,0.0285,0.001,,5.38%,3.38%,1.31%,0.18%,,1.94%,,,,,-2.70%,-7.85%,5.06%,3.14%,-3.10%
1996-02-29,0.0135,0.0159,-0.0564,-0.0707,-0.045,-0.0057,0.0058,0.0118,0.0106,-0.0359,0.0039,0.0133,0.0177,-0.0108,0.0024,-0.019,0.0059,0.0016,0,0.093,-0.273,-0.011,0.0096,0.0009,,-6.65%,0.92%,3.35%,3.42%,,0.27%,,,,,-2.28%,3.76%,1.47%,-20.30%,-2.18%
1996-03-31,0.0121,0.0165,-0.0087,0.0122,0.0011,-0.0093,0.0122,0.015,0.0077,0.0106,0.0039,0.0073,0.0161,0.0035,0.0142,-0.0095,-0.0184,0.0046,-0.0006,-0.017,-0.224,-0.048,-0.0116,0.0004,,-0.48%,0.98%,1.40%,1.88%,,0.34%,,,,,2.50%,3.68%,2.86%,-4.55%,5.75%
1996-04-30,0.0414,0.0129,-0.0664,0.03,0.0312,0.0506,0.0257,0.0134,0.0135,0.0312,0.0046,0.0206,0.0471,-0.0402,-0.0014,-0.0211,-0.0088,0.0024,-0.0008,-0.11,-0.079,0.315,-0.0327,-0.0002,,8.59%,1.45%,4.34%,5.59%,,1.15%,,,,,4.12%,6.38%,5.22%,-1.20%,3.19%
1996-05-31,0.0213,0.0114,0.0002,0.0199,-0.0199,0.0451,0.0166,0.0159,0.0109,0.0193,0.0042,0.0236,0.0321,-0.0083,0.0012,-0.003,0.0154,0.0023,-0.0012,-0.134,0.029,-0.229,-0.0101,0.0017,,-4.40%,2.54%,3.09%,3.93%,,1.53%,,,,,0.24%,-1.72%,-0.27%,-0.93%,5.50%
1996-06-30,-0.0153,0.0024,0.0509,0.0323,0.002,0.0536,0.01,0.0145,0.0125,0.0174,0.004,-0.0114,-0.0365,0.0235,0.0351,0.0122,0.0098,0.0017,-0.0007,-0.136,-0.166,0.083,-0.0479,0.0009,,-0.30%,0.38%,-3.26%,-3.85%,,0.07%,,,,,1.78%,2.94%,1.35%,-0.33%,1.54%
1996-07-31,-0.038,0.006,0.0983,-0.0697,0.001,-0.0268,0.0024,0.0136,0.0134,-0.0413,0.0045,-0.0597,-0.0381,0.0514,0.0295,0.026,-0.0017,-0.0004,-0.0001,0.027,0.091,-0.035,-0.0392,0.0003,,3.88%,-4.42%,-7.12%,-8.41%,,-3.08%,,,,,-4.51%,0.97%,-14.57%,2.10%,-13.42%
1996-08-31,0.0238,0.0148,-0.0343,0.0293,0.0078,0.0356,0.0216,0.0131,0.0104,0.0248,0.0041,0.0277,0.0257,-0.0074,-0.0037,-0.0242,0.0001,-0.0023,0.0006,0.029,-0.297,0.03,0.0068,-0.0031,,7.26%,2.10%,5.38%,5.96%,,1.83%,,,,,4.26%,2.14%,3.55%,7.83%,6.07%
1996-09-30,0.025,0.0132,-0.0593,0.0301,0.0322,0.0157,0.0223,0.0112,0.0147,0.025,0.0044,0.0501,-0.0139,-0.0272,0.0127,-0.0222,0.027,0.0019,-0.0002,0.027,-0.011,0.051,-0.0321,0.0002,,7.51%,5.60%,4.80%,3.73%,,3.92%,,,,,8.57%,8.18%,10.14%,6.49%,9.91%
1996-10-31,0.0193,0.0111,0.043,0.0531,0.0559,0.017,0.0139,0.0144,0.0116,0.0335,0.0042,0.0086,-0.0377,0.0494,0.014,0.0325,0.0379,-0.003,0.0002,0.148,0.371,0.236,-0.0218,0.0005,,10.37%,2.75%,-1.47%,-1.42%,,1.79%,,,,,2.21%,-1.10%,2.63%,5.37%,5.89%
1996-11-30,0.0307,0.02,-0.0294,0.0813,0.0421,0.026,0.0254,0.0135,0.0117,0.0504,0.0041,0.0625,-0.038,0.0139,0.0212,-0.0079,-0.0237,-0.0033,0.0005,0.139,0.093,0.108,0.0231,-0.0008,,1.46%,7.56%,4.77%,4.35%,,4.71%,,,,,7.61%,3.27%,17.68%,5.58%,10.44%
1996-12-31,0.0082,0.0095,0.0131,-0.0076,-0.0183,0.0243,0.0188,0.0085,0.0175,0.0031,0.0046,-0.017,0.0325,0.0131,0.0037,0.0149,0.0063,0.001,0,-0.099,0.278,-0.084,-0.0216,0.0007,,-3.12%,-1.97%,0.53%,2.39%,,-1.08%,,,,,3.03%,3.31%,2.39%,-0.10%,5.54%
1997-01-31,0.0349,0.0317,-0.0186,0.0821,0.03,0.0946,0.023,0.0103,0.0148,0.0548,0.0045,0.0499,-0.0182,-0.0142,0.0119,-0.0002,0.0195,0.0028,-0.0008,-0.037,0.412,0.084,-0.0284,0.0007,,9.64%,6.23%,3.44%,2.28%,,3.40%,,,,,3.91%,-2.02%,16.20%,4.67%,5.92%
1997-02-28,-0.0158,0.0197,0.025,0.0182,0.0143,0.0769,0.0149,0.0133,0.011,0.013,0.0039,-0.0049,-0.0259,0.0567,0.0067,0.0347,-0.0213,-0.0016,0.0001,-0.049,0.024,0.24,-0.0306,0.0005,,5.12%,0.79%,-1.64%,-2.46%,,0.00%,,,,,-1.61%,-7.30%,4.63%,2.14%,1.99%
1997-03-31,-0.0227,-0.0115,0.0803,-0.0217,-0.0095,-0.0078,0.0018,0.0094,0.0072,-0.0141,0.0043,-0.0503,-0.0043,0.0339,0.005,0.0166,0.009,0.0027,-0.0003,-0.019,-0.142,-0.044,0.0136,0,,-2.17%,-4.13%,-5.10%,-4.74%,,-3.11%,,,,,2.05%,3.06%,1.51%,-2.30%,4.07%
1997-04-30,0.0001,0.0121,-0.008,0.0595,-0.0269,0.0197,0.0033,0.0102,0.0124,0.0286,0.0043,0.0404,-0.057,0.0007,0.0326,-0.0072,0.0486,0.002,-0.0004,-0.175,-0.131,0.025,0.0878,-0.0011,,-4.07%,5.96%,0.60%,0.38%,,3.33%,,,,,2.95%,2.41%,6.44%,2.14%,2.10%
1997-05-31,0.0514,0.0303,-0.065,-0.0202,-0.0076,0.0297,0.0291,0.0168,0.0101,0.0088,0.0049,0.0674,0.0475,-0.0413,-0.0102,-0.0296,-0.0517,-0.0018,0.0004,0.039,0.108,-0.016,0.008,-0.0008,,-0.62%,6.08%,9.86%,11.08%,,4.57%,,,,,0.88%,4.11%,6.76%,5.57%,-13.93%
1997-06-30,0.0228,0.0118,-0.0084,0.021,0.0021,0.0681,0.017,0.0209,0.0087,0.0226,0.0037,0.041,0.0119,0.0158,0.0056,0.0066,0.026,-0.0022,0.0004,-0.099,-0.067,0.077,0.0038,0.0039,,0.20%,4.45%,4.71%,5.23%,,3.14%,,,,,3.41%,-1.72%,11.87%,10.38%,1.51%
1997-07-31,0.0703,0.0326,-0.0632,0.1013,0.0569,0.0646,0.0358,0.0211,0.0109,0.0699,0.0043,0.0733,-0.0277,0.0026,0.0007,-0.0257,0.0379,-0.0027,0,0.308,0.324,0.206,0.0157,0.0078,,19.27%,7.96%,7.03%,5.42%,,5.70%,,,,,7.46%,1.76%,15.98%,18.26%,2.55%
1997-08-31,0.0062,-0.0092,-0.0007,-0.0241,-0.0727,-0.0365,-0.0026,0.0175,0.0082,-0.0126,0.0041,-0.0415,0.0761,0.0118,-0.0111,-0.0004,-0.0256,0.0008,-0.0001,-0.08,0.046,-0.142,-0.0172,0.0007,,1.02%,-5.61%,0.88%,2.24%,,-2.62%,,,,,-5.51%,-4.13%,-11.95%,-7.85%,-1.30%
1997-09-30,0.0591,0.0181,-0.0332,0.0463,0.0363,0.0278,0.025,0.0103,0.0115,0.0399,0.0044,0.0535,0.0249,0.0037,-0.0163,-0.0091,0.0147,-0.0009,-0.0003,0.003,-0.114,-0.03,-0.015,0.0006,,1.87%,5.47%,6.58%,7.27%,,4.06%,,,,,3.96%,-3.00%,15.09%,12.71%,1.52%
1997-10-31,-0.0084,0.0081,0.0675,-0.0189,-0.0073,-0.0786,0.0045,0.0046,-0.0158,-0.0164,0.0042,-0.038,-0.0052,0.0227,0.01,0.0194,-0.0057,-0.0018,0.0005,0.04,0.11,0.068,0.0198,0.0008,,-8.58%,-3.35%,-3.82%,-4.44%,,-1.42%,,,,,-0.38%,0.72%,-14.43%,6.98%,1.23%
1997-11-30,-0.0122,-0.0038,0.0293,0.0346,-0.0068,-0.0476,0.0133,-0.0082,0.004,0.01,0.0039,0.0298,-0.051,0.0119,0.028,0.0183,0.0033,-0.0015,0,-0.153,-0.012,-0.066,0.0782,-0.0001,,5.72%,4.60%,0.25%,-0.51%,,2.16%,,,,,1.70%,0.71%,5.22%,-2.14%,4.56%
1997-12-31,0.0155,0.0004,0.0104,0.0514,0.0282,0.043,0.0191,0.0101,0.0071,0.0322,0.0048,0.0132,-0.0204,0.0384,0.0075,0.0193,0.0398,-0.0007,-0.0003,0.006,-0.082,0.213,0.0354,-0.0016,,7.95%,1.73%,2.22%,1.66%,,1.51%,,,,,4.97%,5.96%,5.15%,6.28%,1.66%
1998-01-31,-0.0093,0.0091,-0.0105,-0.0218,0.0087,-0.059,0.0173,0.0084,-0.0084,-0.0121,0.0043,0.0015,-0.0136,-0.0163,0.0086,-0.0073,0.0014,-0.0027,0.0014,0.195,-0.044,0.04,0.031,0.0007,,0.25%,1.11%,-1.49%,-1.61%,,0.79%,,,,,2.98%,1.18%,6.26%,10.93%,-3.19%
1998-02-28,0.0564,0.0185,-0.0689,0.0021,-0.0028,0.02,0.0256,0.0163,0.0081,0.0196,0.0039,0.0704,0.002,-0.0085,-0.0031,-0.0254,-0.0112,0.0003,0.0003,-0.082,-0.241,-0.034,0.05,-0.0012,,0.21%,7.19%,7.72%,7.50%,,4.33%,,,,,2.75%,4.61%,9.62%,-2.15%,-1.64%
1998-03-31,0.0503,0.0197,-0.0242,0.1016,0.0106,0.0363,0.0248,0.0142,0.0161,0.0594,0.0039,0.0476,-0.0065,0.0139,-0.0026,-0.0037,0.0215,0.0008,-0.0001,-0.107,-0.016,-0.096,-0.0317,0.0015,,2.79%,5.10%,5.12%,4.13%,,3.16%,,,,,4.86%,1.89%,13.73%,3.10%,5.76%
1998-04-30,0.0114,0.0029,0.0086,0.0157,-0.0403,-0.0018,0.0073,0.0127,-0.0001,0.0095,0.0043,0.0073,-0.0001,0.0094,-0.0169,-0.0036,0.0074,-0.0001,0.0002,-0.196,-0.179,-0.109,-0.0207,0.0007,,-5.43%,1.01%,1.24%,0.50%,,0.91%,,,,,0.27%,2.46%,-0.62%,-0.11%,-3.10%
1998-05-31,-0.0169,0.0131,0.1089,0.0337,0.0325,-0.0978,-0.012,0.0065,-0.0021,0.0026,0.004,-0.0307,-0.0293,0.034,0.0107,0.0259,0.0182,0.0001,-0.0004,0.036,-0.024,0.178,-0.0054,0.0001,,3.55%,-1.74%,-4.71%,-5.36%,,-1.27%,,-2.80%,-1.60%,,4.82%,4.35%,2.82%,9.53%,2.91%
1998-06-30,0.034,0.0047,-0.0234,0.0328,0.0091,-0.0468,-0.0079,-0.0037,-0.0108,0.0159,0.0041,0.0318,-0.0365,-0.0197,-0.0027,-0.0297,0.0728,-0.0015,-0.0002,0.012,0.024,0.054,0.0168,-0.0002,,1.36%,4.07%,1.40%,-0.11%,,2.48%,0.82%,0.51%,0.00%,,2.99%,3.27%,1.73%,-0.07%,6.43%
1998-07-31,0.0061,-0.001,0.0272,0.018,-0.0112,0.0008,0.0004,0.0052,0.0048,0.009,0.004,-0.0246,-0.0527,-0.0178,0.0174,0.0045,0.0374,-0.0004,0.0006,-0.149,-0.213,-0.016,0.0107,-0.0011,,-4.75%,-1.06%,-5.90%,-8.01%,,-1.25%,-3.94%,-5.94%,-9.15%,,4.43%,9.19%,0.38%,1.44%,0.96%
1998-08-31,-0.1143,-0.0085,0.2271,-0.0484,0.0995,-0.2303,-0.1177,-0.0464,-0.0146,-0.0755,0.0043,-0.1608,-0.0518,0.0353,0.0339,0.0589,0.0184,-0.0012,0.0011,0.689,0.135,0.231,-0.0274,0.0002,,19.57%,-14.47%,-19.35%,-19.30%,,-8.53%,-18.42%,-20.57%,-17.90%,,6.31%,6.36%,-17.33%,21.22%,9.03%
1998-09-30,0.0347,0.0095,-0.0498,-0.0512,0.0687,-0.074,-0.0296,-0.0323,-0.0374,-0.0231,0.0046,0.0615,-0.0077,-0.0342,-0.0189,-0.0297,-0.0081,-0.0053,0.0048,0.329,0.12,-0.076,0.0438,-0.0033,,1.93%,6.41%,7.17%,7.55%,,4.56%,9.29%,7.12%,5.45%,,0.76%,-7.12%,-8.23%,28.86%,-4.81%
1998-10-31,0.0174,0.0248,-0.0869,-0.1155,0.0121,0.0168,0.0066,-0.0468,-0.0696,-0.0457,0.0032,0.0713,-0.0343,-0.0223,0.0093,0.0032,-0.0537,-0.0028,0.0037,-0.036,0.302,-0.08,0.0242,0.0002,,0.86%,8.17%,5.83%,4.20%,,4.22%,8.97%,4.86%,4.39%,,-1.15%,0.45%,4.72%,-3.90%,-6.01%
1998-11-30,0.0374,0.021,-0.0712,-0.0108,-0.018,0.0468,0.0277,0.0206,0.0155,0.0136,0.0031,0.061,0.0074,-0.0325,-0.0085,-0.012,0.012,0.003,-0.0014,-0.097,-0.142,-0.025,0.0116,-0.0011,,-1.06%,6.07%,6.25%,5.30%,,3.96%,5.09%,7.20%,4.33%,,3.23%,6.09%,5.94%,-0.85%,-0.45%
1998-12-31,0.0656,0.0124,-0.0575,0.0234,0.028,-0.0384,0.017,0.0035,0.0173,0.0303,0.0038,0.0616,-0.0157,-0.0419,-0.0075,-0.034,0.0891,-0.0018,0.0007,-0.037,0.095,0.087,0.029,-0.0008,,2.70%,5.80%,8.56%,6.24%,,3.98%,12.16%,8.76%,4.39%,,3.86%,8.22%,4.51%,-3.71%,2.23%
1999-01-31,0.0497,0.0069,-0.0718,-0.0288,-0.0314,-0.0292,0.0188,0.0227,0.019,0.008,0.0035,0.035,-0.0074,-0.046,-0.0279,-0.0677,0.0303,0.0007,-0.0001,0.073,-0.13,-0.051,0.0504,0.0011,,-3.86%,4.21%,1.50%,1.23%,,2.48%,-3.77%,-1.26%,-1.14%,,-0.29%,1.94%,1.07%,3.39%,-9.47%
1999-02-28,-0.0314,0.0061,0.0559,-0.016,-0.0054,0.0117,-0.0005,0.0122,0.0152,-0.0131,0.0035,-0.0408,-0.0523,0.0192,-0.0121,0.0407,-0.001,0.0028,-0.0018,0.224,0.229,0.075,0.0204,-0.0002,,1.22%,-3.12%,-5.48%,-8.12%,,-2.92%,-5.16%,-9.75%,-8.16%,,-2.59%,5.35%,-0.89%,-18.32%,-3.99%
1999-03-31,0.0376,0.0135,-0.0177,-0.02,-0.0107,0.0743,0.0239,0.0104,0.0134,0.0122,0.0043,0.0345,-0.0423,-0.0274,-0.0407,-0.0141,-0.0127,0.0023,-0.0009,-0.136,-0.115,-0.003,-0.0037,-0.0021,,-2.77%,3.99%,3.56%,1.49%,,2.58%,2.92%,2.93%,-0.38%,,-3.84%,-9.42%,-0.76%,5.68%,-4.53%
1999-04-30,0.0329,0.0202,-0.0375,0.0179,0.0267,0.0649,0.0307,0.0214,0.0163,0.0263,0.0037,0.0433,0.0453,0.0246,-0.0253,0.009,-0.0904,-0.0005,0,-0.074,-0.147,-0.085,0.0883,0.0008,,3.11%,3.85%,8.35%,8.86%,,2.89%,7.73%,4.68%,8.79%,,-0.81%,-1.78%,3.87%,1.15%,-4.34%
1999-05-31,-0.0082,0.0144,0.0043,-0.0005,-0.0293,-0.0123,0.0217,0.0189,0.0088,0.0013,0.0034,-0.0246,0.0371,0.0235,0.0093,0.0333,-0.0519,0.0036,-0.0012,0.034,-0.025,0.081,-0.0071,0.0013,-2.66%,-3.10%,-2.39%,-0.43%,1.68%,,-1.52%,0.54%,0.44%,3.93%,,0.38%,9.26%,-6.35%,-10.84%,-1.09%
1999-06-30,0.0465,0.0192,-0.0236,0.0302,0.0276,0.049,0.0293,0.0081,0.0075,0.0328,0.004,0.0477,0.0229,-0.0319,0.0114,-0.0323,0.0506,0.0036,-0.0006,0.202,-0.071,-0.066,0.0431,0.0008,2.81%,4.51%,5.56%,4.19%,5.74%,,2.89%,5.42%,5.42%,6.22%,,-2.33%,-5.57%,3.41%,-6.55%,4.08%
1999-07-31,0.0154,0.0166,-0.0002,-0.0191,-0.0072,-0.0155,0.0132,0.0109,0.0049,0.0026,0.0038,-0.0349,0.0257,-0.0044,0.0036,0.0322,0.0166,-0.0011,0.0004,0.036,0.238,0.11,-0.0159,-0.0004,-1.77%,1.95%,-3.13%,-2.81%,-2.17%,,-1.94%,-2.06%,-0.10%,-1.57%,,0.49%,2.90%,-0.28%,-2.15%,-1.13%
1999-08-31,-0.0027,0.0111,0.0432,-0.0285,-0.0032,-0.0266,0.0011,0.0023,-0.0041,-0.009,0.0039,-0.0138,-0.0173,-0.0187,-0.0024,0.0064,0.0312,0.0015,0.0005,-0.079,-0.162,-0.11,-0.0045,0.0002,-1.73%,-2.51%,-0.50%,-2.29%,-3.79%,,-0.65%,-3.32%,-4.53%,-4.25%,,-0.19%,-0.54%,-4.71%,-0.66%,4.38%
1999-09-30,0.006,0.0022,0.0174,-0.0318,0.0181,-0.0065,0.0104,0.0139,0.0074,-0.0032,0.0039,-0.0279,0.0259,-0.035,-0.0075,-0.0123,0.0648,-0.0002,0.0007,-0.047,0.095,0.648,-0.0309,-0.0016,1.12%,0.63%,-2.74%,-0.84%,-0.12%,,-0.93%,-3.08%,2.37%,-1.78%,,0.38%,-0.16%,-4.12%,1.30%,3.92%
1999-10-31,0.0439,0.0082,0.0185,0.0244,-0.0482,0.0366,0.0035,0.007,0.0091,0.0237,0.0039,0.0612,-0.0691,-0.0337,-0.0175,-0.0119,0.055,0.0019,-0.0001,0.032,-0.158,-0.082,0.09,-0.0001,-5.26%,-6.82%,6.33%,5.38%,0.36%,,3.85%,5.14%,1.48%,-2.37%,,1.88%,-2.40%,7.28%,5.26%,2.99%
1999-11-30,0.0831,0.0156,-0.0648,0.044,-0.0052,0.0929,0.0204,0.013,0.0078,0.0496,0.0036,0.0337,0.058,-0.0611,-0.0427,-0.0175,0.0564,-0.0008,-0.0015,0.033,0.19,-0.105,-0.0171,-0.0028,4.26%,1.84%,2.02%,8.38%,5.99%,,2.09%,5.33%,5.71%,2.31%,,5.95%,5.33%,13.21%,0.83%,6.88%
1999-12-31,0.1301,0.0096,-0.066,0.0924,0.0235,0.1534,0.0309,0.009,0.0097,0.0853,0.0044,0.0772,0.0539,-0.0832,-0.076,-0.0563,0.1322,0.0025,-0.0021,0.016,-0.151,-0.071,0.0446,0.0009,1.11%,4.29%,5.98%,13.45%,11.46%,,4.33%,5.90%,12.48%,2.83%,,6.68%,4.39%,20.13%,7.34%,0.49%
2000-01-31,0.0052,0.0142,0.0374,-0.0242,0.0001,-0.0152,0.0051,0.0259,0.0054,-0.001,0.0041,-0.0474,0.0444,-0.0191,-0.0631,0.0475,0.0192,0.0038,-0.0024,0.15,0.093,-0.084,0.0108,0.0011,4.18%,1.55%,-5.03%,-1.48%,-1.70%,,-2.56%,-2.79%,-1.22%,-5.17%,,0.35%,1.75%,-11.75%,7.27%,-0.30%
2000-02-29,0.1114,0.0079,-0.0865,0.0443,-0.021,0.0604,0.023,0.0337,0.0057,0.0649,0.0043,0.0245,0.1834,-0.097,-0.1873,-0.0036,0.182,-0.0014,0.001,-0.08,0.068,0.041,0.0082,-0.0003,-1.54%,-1.99%,-1.91%,15.65%,16.51%,,1.98%,7.04%,21.04%,4.64%,,1.90%,4.65%,13.29%,-9.75%,-0.48%
2000-03-31,-0.0398,0.0224,-0.0594,-0.0245,-0.0131,0.031,0.006,0.0346,-0.0015,-0.0212,0.0047,0.052,-0.1535,0.0817,0.1182,-0.0165,-0.0683,-0.0026,0.0034,0.212,-0.027,-0.073,-0.0011,-0.0004,7.14%,-2.29%,9.76%,-3.76%,-6.68%,,3.91%,8.57%,-8.69%,3.77%,,-3.49%,-5.21%,-1.46%,-9.75%,5.20%
2000-04-30,-0.0746,0.0144,0.0229,-0.0535,-0.0228,-0.0776,-0.0073,0.0357,0.0093,-0.0463,0.0046,-0.064,-0.0501,0.0726,0.0766,0.0565,-0.0839,-0.0027,0.003,-0.056,0.038,-0.106,-0.0436,0.0007,-2.85%,0.14%,-3.00%,-11.86%,-5.96%,,-3.27%,-3.45%,-3.60%,0.85%,,1.77%,2.58%,-1.95%,4.88%,-0.43%
2000-05-31,-0.0345,0.0146,0.0614,0.0232,0.0058,-0.0413,0.0002,0.0194,0.0002,-0.0117,0.005,-0.0442,-0.0384,0.0481,0.0417,0.013,-0.0898,0.0045,0.0005,-0.037,0.043,-0.056,-0.0255,0,8.03%,2.52%,-2.04%,-7.37%,-5.78%,,-2.11%,-1.31%,-4.81%,-1.59%,,0.96%,3.92%,-3.70%,-0.45%,0.08%
2000-06-30,0.0613,0.0182,-0.0699,0.0132,-0.0112,0.0553,0.0194,0.0197,0.0093,0.0366,0.004,0.0464,0.0993,-0.0843,-0.0832,-0.0293,0.1661,-0.0034,-0.0008,-0.02,-0.189,0.03,-0.0341,-0.0009,-4.16%,-2.44%,2.49%,11.89%,9.44%,,3.49%,1.63%,9.33%,2.91%,,1.14%,5.86%,3.05%,-3.36%,-4.87%
2000-07-31,-0.0063,0.0123,0.0359,0.0181,-0.0205,0.0058,0.005,0.0146,0.0055,0.0011,0.0048,-0.0251,-0.0103,0.083,0.0582,0.0295,-0.001,-0.0005,-0.0008,-0.114,-0.165,-0.156,0.1111,-0.0006,-2.57%,-0.77%,-1.49%,-2.71%,-3.52%,,-0.81%,1.60%,-6.78%,1.99%,,-0.03%,-0.69%,-1.87%,0.24%,2.37%
2000-08-31,0.049,0.0143,-0.0723,0.0292,0.0123,0.0432,0.0171,0.0169,0.0067,0.0339,0.005,0.0703,-0.0104,-0.0138,-0.0322,0.0109,0.0573,-0.0022,0.0013,-0.144,0.248,0.059,-0.0086,0,3.17%,1.81%,6.19%,11.13%,7.62%,,4.91%,11.17%,12.15%,5.85%,,5.45%,8.50%,2.02%,-0.63%,8.52%
2000-09-30,-0.0071,-0.0014,0.0989,-0.0087,-0.0334,-0.0679,0.0061,0.0202,0.0075,-0.0041,0.0051,-0.0545,0.0019,0.0717,0.0256,0.0553,0.0197,-0.0003,0.0012,-0.146,0.007,-0.135,-0.0387,0.0011,-2.83%,0.62%,-5.29%,-4.02%,-2.98%,,-2.53%,-0.71%,-5.19%,-0.19%,,-1.38%,-0.88%,-5.46%,-3.83%,3.34%
2000-10-31,-0.0254,0.0081,0.0615,0.0126,0.0076,-0.0247,-0.0005,0.0109,0.0029,-0.0109,0.0056,-0.0276,-0.0264,0.057,0.096,0.0382,-0.0448,-0.0006,0.0005,-0.239,-0.008,-0.141,0.0233,-0.0009,4.85%,2.54%,-0.43%,-8.01%,-4.34%,,-0.94%,-3.37%,0.80%,0.58%,,2.73%,1.69%,2.52%,0.82%,7.06%
2000-11-30,-0.038,0.0028,0.1376,0.0363,0.0668,-0.0364,-0.0077,-0.0047,0.007,-0.0155,0.0051,-0.1072,-0.006,0.1232,0.1309,0.0839,-0.0232,-0.0002,-0.0004,0.172,-0.136,-0.147,-0.0363,-0.0019,7.97%,5.97%,-7.88%,-17.00%,-10.27%,,-5.39%,-7.45%,-14.84%,-6.47%,,4.01%,5.67%,-4.56%,15.72%,-5.57%
2000-12-31,0.0342,0.0128,0.0086,0.0505,0.0776,0.0232,0.0042,0.0044,0.0032,0.0266,0.005,0.0119,0.0326,0.0761,0.0172,0.0478,0.0674,-0.0048,0.0022,0.051,0.142,-0.048,0.0115,-0.0021,18.05%,4.47%,0.50%,6.43%,8.63%,5.22%,1.85%,7.69%,9.09%,14.34%,,-1.13%,-2.72%,-1.49%,14.10%,-14.17%
2001-01-31,-0.0058,0.0213,-0.0143,0.0332,-0.0003,0.0435,0.0246,0.0268,0.0142,0.0094,0.0054,0.0313,0.055,-0.0509,-0.047,-0.05,-0.253,-0.0008,-0.0001,-0.058,-0.122,-0.043,0.071,0.0022,-5.22%,0.72%,3.55%,5.60%,5.23%,4.24%,3.06%,2.22%,0.09%,7.94%,,0.14%,-2.28%,-4.29%,5.94%,2.02%
2001-02-28,-0.0242,0.0089,0.0827,0.0099,0.0015,-0.0289,0.0159,0.0212,0.0053,-0.0059,0.0038,-0.1005,0.0282,0.1248,0.0911,0.0905,0.1257,-0.0006,0,-0.066,-0.133,0.005,0.0395,0.0122,-5.43%,0.60%,-9.14%,-12.13%,-6.59%,-6.67%,-5.36%,-5.67%,-8.41%,-4.10%,,3.02%,0.43%,4.46%,4.16%,5.87%
2001-03-31,-0.0194,0.0092,0.0397,0.0274,0.0488,-0.0129,0.0012,0.0142,0.0024,-0.0034,0.0042,-0.0726,0.0233,0.0642,0.0336,0.0391,0.0855,-0.0021,0.0018,-0.061,0.096,0.116,0.0706,-0.0004,12.11%,6.75%,-6.36%,-9.22%,-4.86%,-3.92%,-3.61%,-7.48%,-5.15%,-4.18%,,6.12%,5.67%,5.61%,3.00%,10.81%
2001-04-30,0.0077,0.0144,-0.0752,0.0069,-0.0549,-0.0052,0.0093,0.0122,0.0132,0.0069,0.0039,0.0794,-0.0086,-0.0468,-0.0307,-0.0319,-0.079,0.0025,-0.0002,0.319,-0.239,-0.131,0.0069,-0.0003,-5.59%,-1.48%,7.77%,10.72%,7.75%,6.76%,4.59%,11.03%,9.88%,6.10%,,-6.23%,2.30%,-11.74%,-17.90%,-6.50%
2001-05-31,0.004,0.0064,-0.0273,0.0214,0.0083,0.0239,0.011,0.0069,0.0052,0.0083,0.0032,0.0072,0.0359,0.0338,0.0026,0.0188,0.0221,0.0025,-0.0025,0.005,0.058,-0.031,0.0316,0.0005,3.89%,1.29%,0.65%,2.35%,2.45%,0.98%,0.88%,2.38%,1.08%,2.57%,,-0.05%,-0.40%,4.35%,-1.57%,-0.99%
2001-06-30,0.0042,0.0029,-0.0022,0.0103,-0.0084,0.0163,0.0103,0.0013,0.005,0.0058,0.0028,-0.0194,0.0657,-0.0113,0.016,-0.015,0.0038,-0.0011,0.0001,-0.055,-0.086,-0.029,0.0037,0.0005,-2.20%,-1.36%,-2.45%,0.77%,4.03%,-3.20%,-0.80%,-0.40%,3.20%,3.93%,,2.15%,0.88%,6.02%,1.22%,2.77%
2001-07-31,-0.0072,0.0022,0.0414,0.0069,0.0015,-0.0295,0.0047,0.0108,0.0091,-0.0002,0.003,-0.0213,-0.0283,0.0521,0.0742,0.0306,0.0558,-0.0004,0.0004,-0.012,0.011,-0.058,0.0363,0,3.68%,4.72%,-1.00%,-4.69%,-5.16%,-1.74%,-0.12%,-1.40%,-2.24%,-0.97%,,0.57%,-3.79%,4.27%,6.02%,0.62%
2001-08-31,0.0045,0.0101,0.0367,0.01,0.0252,-0.0108,0.0155,0.015,0.0064,0.0092,0.0031,-0.0646,0.0271,0.023,0.0405,0.0656,0.0553,-0.0027,0.0015,0.021,0.162,-0.179,0.0492,-0.0005,-4.52%,2.37%,-6.27%,-4.81%,-3.23%,-5.80%,-3.08%,-3.32%,-3.00%,-1.62%,,3.96%,1.32%,11.71%,10.26%,-3.42%
2001-09-30,-0.0157,-0.0005,0.0291,0.0117,0.0365,-0.0438,-0.0154,0.0074,0.0018,-0.0083,0.0028,-0.0925,-0.0573,0.0145,0.05,0.032,0.1148,-0.0024,0.0042,-0.064,0.084,0.37,-0.1005,-0.0009,7.38%,7.82%,-8.09%,-12.90%,-13.47%,-9.53%,-4.80%,-12.39%,-12.73%,-14.29%,,9.37%,7.43%,24.23%,7.06%,4.62%
2001-10-31,-0.008,0.0072,-0.0497,0.0118,0.034,0.0219,0.0135,0.0111,0.0155,0.0044,0.0022,0.0246,0.0528,-0.0766,-0.0299,-0.0454,-0.0847,-0.0016,0.0004,0.437,-0.167,-0.053,0.0349,-0.001,2.97%,1.07%,1.89%,5.18%,5.79%,0.00%,2.21%,4.47%,6.15%,4.62%,,4.95%,4.21%,-5.88%,17.26%,1.20%
2001-11-30,0.011,0.0082,-0.0544,-0.0037,-0.0862,0.0396,0.0085,0.0071,-0.0027,0.0054,0.0017,0.0754,-0.0031,0.0222,-0.0372,-0.0162,-0.0869,0.0008,-0.0018,0.073,-0.096,-0.106,0.0328,0,0.58%,-3.12%,7.66%,7.89%,7.76%,6.33%,3.75%,7.34%,6.58%,8.10%,,-5.75%,-3.57%,-6.11%,-13.21%,-1.78%
2001-12-31,0.0124,-0.0008,-0.0303,0.0247,0.0215,0.0482,0.0107,0.0032,0.0023,0.0119,0.0015,0.016,0.0516,0.0085,0.0035,-0.0027,0.0007,0.0044,-0.002,0.303,0.018,-0.063,0.0686,0.0012,10.42%,4.86%,0.87%,4.34%,6.03%,1.51%,0.83%,5.20%,6.35%,7.33%,,-0.41%,1.98%,-1.30%,-9.80%,5.66%
2002-01-31,-0.006,0.0012,0.0102,0.0264,-0.0127,0.0276,0.0118,0.0112,0.0103,0.0054,0.0014,-0.0144,0.0126,0.0344,0.0469,0.0283,0.0375,-0.0005,-0.0013,-0.213,-0.057,-0.189,-0.0123,0.0009,4.05%,-1.17%,-1.47%,-1.85%,-1.06%,-2.74%,-0.43%,-0.54%,-0.26%,1.83%,,1.59%,1.63%,3.54%,-2.66%,4.67%
2002-02-28,-0.0099,0.0003,0.0293,0.0052,-0.024,0.0289,-0.0034,-0.0315,0.0087,-0.0056,0.0013,-0.0229,-0.0036,0.0216,0.0806,0.0511,0.0682,-0.0013,0.0015,-0.137,-0.248,0.049,0.0376,-0.0002,-13.71%,-0.69%,-1.94%,-2.82%,-2.70%,-0.89%,-0.86%,0.20%,-3.04%,-0.31%,,0.45%,-0.68%,-0.14%,2.89%,0.50%
2002-03-31,0.0091,0.008,-0.0546,-0.0019,-0.0091,0.0395,0.0119,-0.0002,0.0063,0.0074,0.0013,0.0424,0.0425,0.0106,-0.0178,0.0057,-0.0164,0.0037,-0.0015,0.093,-0.057,0.078,0.078,0.0005,16.53%,2.00%,3.74%,6.82%,8.03%,5.09%,2.02%,7.07%,7.07%,8.76%,,-5.00%,-6.03%,-6.73%,-4.42%,-2.25%
2002-04-30,0.0061,0.0053,0.0205,0.017,-0.0161,0.0012,0.0074,0.0121,0.0135,0.0079,0.0015,-0.052,0.0672,0.0388,0.0456,0.0538,0.0763,-0.0007,-0.0001,-0.235,0.083,-0.098,0.0516,0.0012,-1.44%,-0.99%,-6.07%,-1.03%,0.92%,-5.03%,-2.32%,-0.51%,1.42%,4.03%,,1.68%,4.35%,4.59%,-2.71%,-1.09%
2002-05-31,0.008,0.0129,0.0119,0.0078,0.0351,-0.0073,0.0012,0.0023,0.0144,0.0067,0.0014,-0.0138,-0.0302,0.0153,0.0237,0.0243,0.0316,-0.0005,0.0011,-0.145,0.218,-0.011,0.0511,0.0006,-2.49%,2.34%,-0.75%,-2.27%,-4.34%,0.40%,-0.40%,-1.66%,-4.53%,-3.80%,,2.86%,3.21%,4.78%,2.66%,0.94%
2002-06-30,-0.0126,0.0052,0.0763,0.0142,0.0863,-0.0375,-0.0293,-0.0033,0.0065,-0.0084,0.0013,-0.0721,0.0389,-0.0003,0.0393,0.0249,0.0603,-0.0023,0.0009,0.117,0.553,-0.025,-0.0093,0.0001,9.22%,8.41%,-7.13%,-6.99%,-4.57%,-6.32%,-3.94%,-7.33%,-5.96%,-4.24%,,6.13%,-2.12%,18.42%,12.83%,6.15%
2002-07-31,-0.0295,0.0184,0.0441,0.0215,0.0612,-0.0119,-0.031,-0.0155,0.0108,-0.0135,0.0015,-0.0818,-0.0643,-0.0385,0.0379,-0.0099,0.0374,-0.0028,0.0023,0.112,-0.03,-0.004,-0.0455,-0.0005,3.76%,5.97%,-7.72%,-9.73%,-15.01%,-10.74%,-4.23%,-9.73%,-11.94%,-16.20%,,5.66%,2.13%,18.52%,13.68%,-5.61%
2002-08-31,0.0101,0.0057,-0.0158,0.0122,0.0336,0.0126,0.0027,0.006,0.0123,0.0085,0.0014,0.005,-0.013,0.0329,0.0136,-0.0146,0.019,-0.0039,0.0007,0.13,-0.098,-0.171,0.0036,-0.0011,0.83%,2.78%,0.65%,0.47%,-0.25%,0.71%,0.91%,0.62%,1.98%,-0.09%,,3.31%,1.82%,-0.36%,12.30%,-0.68%
2002-09-30,-0.0047,-0.0003,0.081,0.0076,0.0411,-0.0198,-0.002,0.0137,-0.0114,0.0008,0.0014,-0.1035,0.0307,0.0147,0.0329,-0.0219,0.0913,-0.0039,0.0021,0.191,-0.039,0.028,0.0012,0.0008,6.90%,3.44%,-10.88%,-6.83%,-7.20%,-11.47%,-5.40%,-8.17%,-5.01%,-7.44%,,6.85%,-0.10%,16.41%,14.01%,5.82%
2002-10-31,0.0008,0.0041,-0.0066,0.0072,-0.0503,0.0238,-0.0018,0.0103,-0.0227,-0.0004,0.0014,0.0784,-0.043,-0.0394,-0.034,0.0077,-0.0558,0.0007,0.0026,-0.204,-0.28,-0.159,0.0412,-0.0006,0.99%,-2.72%,8.78%,3.40%,3.21%,8.35%,4.26%,4.36%,4.41%,2.13%,,-3.05%,-4.22%,-9.36%,-3.90%,4.93%
2002-11-30,0.0057,0.0031,-0.0589,0.0123,-0.0209,0.0224,0.0257,0.0192,-0.0053,0.0109,0.0012,0.0596,0.0293,-0.0121,-0.0921,0.0517,-0.1633,0.0011,-0.0022,-0.136,-0.093,-0.099,0.0174,0.0006,-3.50%,-1.71%,5.88%,7.09%,8.91%,7.03%,3.57%,5.71%,4.95%,5.31%,,-0.87%,-0.82%,-5.55%,-3.00%,4.84%
2002-12-31,0.0076,0.0082,0.0413,0.0085,0.055,-0.0053,0.0099,0.0166,0.0132,0.0107,0.0011,-0.0576,0.0062,0.0214,0.0629,-0.0168,0.0964,-0.0002,-0.0015,0.054,0.404,0.175,-0.0114,0.0005,16.92%,6.58%,-5.89%,-4.44%,-5.61%,-5.24%,-2.60%,-4.11%,-4.03%,-2.70%,,9.29%,8.30%,9.20%,15.52%,4.61%
2003-01-31,-0.0007,0.0031,-0.0273,0.0203,0.0607,-0.0045,0.0227,0.0302,0.0126,0.0128,0.001,-0.0257,0.0072,-0.0081,-0.01,0.0071,0.0155,0.0002,-0.0012,-0.086,0.032,-0.082,-0.0211,0.0003,-1.84%,5.18%,-2.63%,-2.19%,-2.75%,-2.74%,-1.47%,-2.93%,-2.76%,-4.07%,,4.90%,5.01%,5.58%,1.80%,7.53%
2003-02-28,-0.0021,-0.0006,-0.0173,0.0187,0.0643,0.0102,0.0063,0.0139,0.0099,0.0068,0.0009,-0.0188,-0.0093,-0.0138,0.0083,-0.0061,0.0117,-0.0015,-0.0014,0.072,-0.098,-0.009,0.0106,0.0004,6.16%,4.03%,-1.52%,-2.63%,-3.00%,-2.75%,-0.39%,-2.37%,-2.84%,-3.76%,,4.99%,4.06%,4.13%,9.69%,2.40%
2003-03-31,0.0043,0.0079,0.0123,-0.0066,-0.061,0.01,0.0101,0.0095,0.0042,0.0026,0.001,0.0109,0.0067,-0.0191,0.0185,-0.0075,0.0148,-0.0009,-0.0002,-0.009,0.034,-0.065,0.0007,-0.0006,0.93%,-5.04%,0.95%,1.53%,1.22%,-0.19%,0.61%,0.84%,2.06%,-0.30%,,-2.66%,-6.16%,3.13%,-4.72%,2.24%
2003-04-30,0.0244,0.004,-0.0636,0.0216,0.0139,0.0389,0.0251,0.0142,0.0125,0.0196,0.001,0.0822,0.0104,0.0117,-0.047,0.0109,-0.0933,0.0015,-0.0025,-0.234,-0.111,-0.111,0.0376,0.0004,-7.90%,3.77%,8.25%,8.35%,9.36%,9.98%,5.19%,7.22%,7.01%,9.05%,,-0.02%,-1.58%,-11.50%,2.43%,9.05%
2003-05-31,0.0368,0.0122,-0.0545,0.0296,0.0514,0.0501,0.0235,0.0176,0.0128,0.0271,0.0009,0.0605,0.0487,0.005,-0.0706,0.0299,-0.107,-0.0039,-0.0008,0.192,0.252,0.153,0.008,0.0007,14.36%,5.81%,5.27%,9.50%,9.54%,7.90%,4.36%,7.82%,8.63%,7.56%,,6.51%,0.95%,-4.61%,18.03%,13.49%
2003-06-30,0.0079,0.0046,-0.0601,0.0163,-0.0221,0.0202,0.018,-0.0062,0.0034,0.0083,0.001,0.0142,0.0168,0.0015,0.0048,-0.0035,-0.01,-0.0024,0.0005,-0.05,-0.058,-0.158,-0.0087,0.0006,-4.59%,-2.45%,1.26%,2.24%,2.01%,1.36%,0.87%,0.57%,2.10%,1.80%,,-2.26%,-1.83%,-4.11%,-6.55%,2.94%
2003-07-31,0.0027,0.0068,-0.0206,-0.0011,-0.0275,0.0056,0.0095,-0.0035,-0.0098,0.0008,0.0007,0.0235,0.0454,-0.0124,-0.0415,0.0177,-0.0032,0.0065,-0.0022,0.236,0.034,0.152,0.0684,0.0001,-1.86%,-2.36%,1.74%,4.59%,5.37%,1.02%,0.04%,3.07%,6.35%,4.46%,,-7.19%,-2.79%,-6.52%,-17.80%,-4.99%
2003-08-31,0.0104,0.0006,-0.0144,0.013,0.0106,0.0298,0.0086,-0.0091,0.0021,0.0076,0.0007,0.0234,0.0248,0.0154,-0.0224,0.0213,-0.0062,0.0047,-0.0008,-0.081,0.064,0.24,0.0407,-0.0002,1.85%,-0.10%,1.93%,4.17%,4.81%,1.70%,1.65%,4.78%,6.14%,3.38%,,-2.08%,-0.46%,-3.34%,-1.75%,-4.71%
2003-09-30,0.0121,0.0106,-0.0042,0.0304,-0.016,0.0265,0.018,0.0197,0.0116,0.0152,0.0008,-0.0124,0.0055,0.0015,0.01,0.0035,-0.0019,-0.0018,-0.0004,0.025,0.45,-0.006,-0.0081,0.0003,4.23%,-2.04%,-1.07%,-1.32%,-1.63%,-0.42%,0.43%,-1.52%,-2.61%,-0.55%,,5.95%,4.56%,0.89%,11.15%,6.88%
2003-10-31,0.0246,0.0067,-0.0756,0.0009,0.0078,0.0225,0.0153,0.0167,0.0046,0.0138,0.0007,0.0608,0.0271,0.0197,-0.0135,0.0154,0.0399,0.0002,-0.0008,-0.17,-0.084,0.017,0.0208,0.0002,-4.62%,2.49%,5.64%,7.65%,8.12%,5.18%,3.20%,7.52%,9.11%,7.05%,,3.56%,9.76%,9.84%,-11.83%,3.13%
2003-11-30,0.017,0.0033,-0.0189,0.0055,0.0054,0.0117,0.0121,0.0125,0.0052,0.0108,0.0007,0.0135,0.0233,0.0178,0.0019,0.018,0.0146,0.0001,-0.0008,-0.114,0.11,-0.083,0.0045,0.0003,-3.28%,-0.69%,0.86%,3.46%,3.77%,1.34%,0.97%,2.87%,3.65%,3.95%,,1.93%,1.89%,0.88%,-1.48%,6.48%
2003-12-31,0.024,0.0093,-0.0398,0.0186,0.0542,0.0356,0.0149,0.007,0.008,0.0195,0.0008,0.0429,-0.0249,0.0161,0.0057,0.0094,-0.0557,-0.0003,-0.0003,-0.073,0.03,-0.003,-0.0033,0.0002,1.13%,0.22%,5.22%,2.12%,2.41%,6.92%,3.00%,2.67%,0.36%,4.44%,,7.40%,8.36%,7.83%,3.15%,9.79%
2004-01-31,0.02,0.0082,-0.0173,0.0145,0.0109,0.0253,0.0216,0.0142,0.0123,0.017,0.0007,0.0215,0.0245,0.0248,-0.0367,0.0338,0.0258,-0.0012,-0.0004,-0.143,0,0.035,-0.0525,-0.0001,-2.80%,2.08%,1.82%,3.59%,3.94%,1.56%,1.73%,2.54%,5.16%,2.70%,,0.83%,-1.07%,3.36%,4.55%,-1.29%
2004-02-29,0.0175,0.0079,0.0034,0.0119,0.0689,0.0139,0.0095,0.0029,0.0087,0.014,0.0006,0.014,-0.0093,0.0091,0.0218,-0.0121,-0.0114,-0.0007,-0.001,-0.1,-0.071,0.074,0.0283,0.0004,3.93%,4.94%,1.38%,1.81%,1.35%,1.94%,1.27%,2.25%,0.27%,2.56%,,5.87%,9.36%,5.69%,3.61%,1.48%
2004-03-31,0.002,-0.0011,-0.0256,0.0097,-0.0086,0.0183,0.0045,0.0042,-0.0049,0.0028,0.0009,-0.0132,0.021,0.0028,0.0156,-0.0098,0.0017,-0.0025,0.0009,-0.007,0.123,0.149,0.0172,0.0001,-1.38%,-2.18%,-1.51%,0.43%,1.19%,-1.33%,-0.35%,-0.23%,0.61%,1.73%,,0.39%,1.40%,-4.21%,4.96%,-3.12%
2004-04-30,-0.014,-0.0034,0.0423,0.0014,-0.0646,-0.0331,0.0051,0.0046,0.0134,-0.0058,0.0008,-0.0183,-0.0201,-0.0309,0.0346,-0.0284,-0.0538,0.0052,-0.0017,-0.02,-0.079,0.105,-0.0034,0,-5.60%,-3.17%,-1.58%,-4.00%,-4.78%,-2.07%,-2.31%,-4.07%,-4.05%,-5.54%,,-4.46%,-2.42%,2.26%,-11.72%,-5.70%
2004-05-31,-0.0036,0.0021,0.0076,0.0005,-0.0105,-0.0181,0.0009,-0.0133,0.0063,-0.0023,0.0006,0.0117,-0.0038,-0.0024,-0.0118,0.0002,0.015,0.0037,-0.0008,-0.132,-0.12,0.111,-0.002,0,1.30%,-0.25%,1.36%,1.55%,1.91%,0.96%,0.65%,2.65%,2.18%,1.73%,,-1.45%,-1.66%,-0.24%,-4.51%,1.40%
2004-06-30,0.0066,0.0084,-0.0125,0.0048,-0.0284,0.0087,0.0096,-0.0076,0.0071,0.0034,0.0008,0.0186,0.0256,0.0119,0.012,-0.0039,0.0205,0.0001,0.0002,-0.171,-0.179,-0.093,0.0278,0.0001,-9.98%,-2.35%,1.93%,2.69%,4.06%,2.68%,1.50%,2.70%,3.10%,4.98%,,-1.58%,-4.23%,5.85%,-1.93%,-1.50%
2004-07-31,-0.0142,0.0031,0.0812,0.0082,-0.0195,-0.0014,0,-0.002,0.007,-0.0031,0.001,-0.0406,-0.0295,0.0323,0.0533,-0.0166,-0.0228,-0.0023,0.0007,-0.116,-0.088,0.154,0.0716,0.0003,1.36%,-1.34%,-3.31%,-5.62%,-5.88%,-1.37%,-1.97%,-4.64%,-8.36%,-3.56%,,-0.69%,1.42%,-6.97%,-0.16%,-0.78%
2004-08-31,0.0009,0.0213,0.0127,-0.0075,-0.0153,0.0183,0.0045,0.0028,-0.0041,0.0014,0.0011,0.0008,-0.0116,0.01,0.0118,-0.0144,-0.0159,-0.0022,0.0006,0.007,-0.3,-0.061,0.0646,0,-1.25%,-0.42%,0.38%,0.03%,-0.34%,1.57%,1.04%,0.06%,-2.26%,1.42%,,0.37%,-2.15%,-1.80%,5.77%,1.16%
2004-09-30,0.0236,0.0054,-0.0191,-0.0049,0.0196,0.0233,0.0127,-0.0007,-0.0078,0.0101,0.0011,0.016,0.0327,-0.0001,-0.0148,-0.0189,0.0549,-0.0015,-0.0004,-0.124,-0.153,0.018,-0.0016,-0.0001,-0.99%,1.63%,1.07%,3.98%,4.21%,1.10%,1.17%,3.81%,5.22%,3.38%,,5.88%,8.23%,5.38%,2.04%,5.73%
2004-10-31,0.0144,0.0003,-0.0178,0.0122,0.0482,0.024,0.0124,-0.0029,0.0114,0.0128,0.0011,0.0143,0.0019,-0.0022,-0.0052,0.0049,-0.0138,-0.0003,-0.0003,-0.055,0.233,-0.056,-0.0154,0,6.23%,3.20%,1.51%,2.27%,2.22%,1.49%,1.30%,2.99%,2.91%,1.54%,,1.12%,-1.82%,6.50%,6.02%,-2.33%
2004-11-30,0.0324,0.0026,-0.0771,0.0242,0.0583,0.0269,0.0327,0.0108,0.0112,0.0265,0.0015,0.0454,0.0411,0.0142,-0.0059,-0.0021,0.0316,0.0009,-0.001,-0.043,0.418,-0.041,0.0139,-0.0001,-0.60%,8.97%,4.05%,6.83%,7.54%,4.57%,2.52%,6.96%,6.96%,8.08%,,5.24%,4.39%,9.13%,1.56%,7.99%
2004-12-31,0.0257,0.0086,-0.0487,0.0072,0.0072,0.0139,0.0228,0.0069,0.0061,0.0161,0.0016,0.0343,-0.0005,-0.0022,-0.0116,0.0046,-0.0287,0.0004,-0.0009,-0.034,-0.06,-0.112,-0.0347,0.0002,-1.32%,1.71%,3.39%,4.38%,3.62%,3.50%,2.56%,4.25%,4.38%,2.98%,,0.90%,-2.76%,10.75%,3.91%,-2.44%
2005-01-31,-0.0084,0.0035,0.0696,0.0069,-0.0539,0.0113,0.002,-0.008,0.0009,-0.0034,0.0016,-0.0276,-0.0118,0.0206,0.0273,-0.0146,0.0305,-0.0001,-0.0012,-0.099,-0.111,-0.125,0.0423,0.0002,-7.67%,-4.35%,-2.46%,-3.34%,-3.55%,-1.99%,-1.35%,-2.90%,-3.46%,-3.71%,,2.33%,4.07%,3.18%,4.67%,-4.34%
2005-02-28,0.0203,0.0102,0.034,0.014,0.0008,0.0335,0.0159,-0.0031,0.0091,0.0143,0.0016,0.0189,-0.003,0.0153,0.0145,-0.0005,0.0337,-0.0005,-0.0015,-0.03,-0.053,0.406,0.0558,0,2.58%,2.74%,2.09%,1.84%,2.09%,3.33%,1.00%,3.69%,1.92%,2.32%,,-1.34%,-4.36%,8.67%,-8.56%,5.01%
2005-03-31,-0.0114,0.0043,0.0346,0.0051,0.0037,-0.0188,0.0057,-0.0163,0.0027,-0.0015,0.0021,-0.0197,-0.0142,0.0204,0.0047,0.0129,0.0041,0.0033,-0.0009,-0.134,-0.004,-0.1,-0.003,0,0.41%,2.03%,-1.76%,-1.78%,-2.27%,-1.65%,-1.29%,-1.12%,-2.70%,-1.88%,,0.57%,2.27%,-1.83%,3.22%,-3.92%
2005-04-30,-0.0155,-0.0022,0.0557,-0.0025,-0.0345,0.0028,-0.0064,-0.0313,-0.0063,-0.0104,0.0021,-0.0261,-0.0398,0.0006,0.0097,-0.0094,-0.0069,-0.0016,0.0015,0.006,-0.138,-0.201,-0.053,0,-3.46%,-3.48%,-1.91%,-3.46%,-4.61%,-1.36%,-0.84%,-3.55%,-5.42%,-3.84%,,-3.68%,-3.35%,-14.59%,2.65%,-3.01%
2005-05-31,0.0051,-0.0034,-0.0591,0.0007,0.0362,0.0067,0.0055,-0.0155,-0.0124,0.0015,0.0024,0.0365,0.0279,-0.0064,-0.01,0.003,0.0045,-0.002,0.0016,0.036,0.365,-0.016,0.0001,-0.0002,1.48%,1.03%,3.17%,5.94%,6.17%,2.11%,2.76%,5.22%,7.02%,5.34%,,2.58%,-2.61%,14.99%,10.48%,-4.91%
2005-06-30,0.0191,0.0021,-0.0021,0.0052,0.0422,0.0201,0.0129,0.0096,-0.0052,0.0131,0.0023,0.0057,0.0328,0.0282,0.0097,-0.0051,0.0205,-0.0014,-0.0001,0.01,-0.041,-0.021,0.0426,0.0001,5.15%,4.02%,0.13%,3.13%,3.52%,0.99%,0.72%,2.92%,3.18%,3.90%,,5.05%,1.89%,11.14%,7.71%,3.94%
2005-07-31,0.0268,0.0033,-0.0166,0.0104,0.0078,0.023,0.0227,0.0171,0.01,0.0192,0.0024,0.0392,0.028,-0.0078,-0.0122,-0.0081,0.0006,0.0018,-0.0009,-0.26,-0.029,-0.22,0.0273,-0.0001,-4.02%,3.26%,3.71%,5.63%,6.25%,2.99%,2.05%,5.29%,6.79%,5.69%,,0.35%,1.55%,13.60%,-10.55%,-0.19%
2005-08-31,0.0112,0.0086,0.0248,0.0071,-0.0087,0.0229,0.0085,0.0072,0.0051,0.0088,0.003,-0.0122,-0.0089,0.0132,-0.0205,0.0036,0.0208,0.0008,-0.0007,0.034,-0.175,0.012,0.03,0.0003,2.35%,-0.49%,-0.91%,-1.12%,-1.68%,-0.34%,-0.06%,-0.36%,-1.27%,-2.13%,,2.21%,2.03%,1.00%,6.76%,-1.44%
2005-09-30,0.0202,0.009,0.03,0.0243,0.0138,0.0412,0.0107,0.011,0.0012,0.0163,0.0029,0.0049,-0.0035,0.0072,0.0027,-0.006,0.0343,-0.0006,0.0013,-0.131,0.188,0.06,0.0339,-0.0001,2.94%,1.80%,0.79%,0.96%,0.72%,1.45%,0.13%,1.35%,0.88%,0.57%,,1.60%,-0.46%,17.93%,-8.13%,4.00%
2005-10-31,-0.0229,0.0083,0.0264,-0.0086,-0.0197,-0.0278,-0.0182,-0.0007,0.0027,-0.0146,0.0027,-0.0202,-0.0145,0.0043,-0.0094,-0.013,-0.0139,0.0026,0.0001,-0.033,-0.021,-0.107,-0.0439,0.0001,0.11%,-0.67%,-1.68%,-2.50%,-3.23%,-2.53%,-1.50%,-3.20%,-3.48%,-2.99%,,-2.24%,0.39%,-10.69%,-5.38%,2.24%
2005-11-30,0.0222,0.0018,-0.0125,0.0108,0.0417,0.0243,0.0128,-0.0043,-0.0058,0.0148,0.0031,0.0361,0.0085,-0.0118,-0.0074,-0.0114,0.0035,0.0008,0.0001,-0.105,0.184,0.017,0.0054,-0.0001,4.36%,3.40%,3.76%,4.66%,4.61%,3.52%,2.59%,5.00%,5.47%,3.77%,,3.77%,2.35%,12.90%,0.14%,3.72%
2005-12-31,0.0278,0.0144,-0.0196,0.0158,-0.0253,0.0244,0.0145,0.0096,0.0045,0.0161,0.0032,-0.0025,-0.0021,0.002,0.0021,0.0023,0.0077,-0.0007,0,-0.019,0.006,0.099,0.0004,0.0002,-3.35%,-3.00%,0.02%,0.51%,-0.05%,0.71%,0.44%,1.40%,0.29%,-0.46%,,1.88%,1.67%,10.60%,1.43%,-3.76%
2006-01-31,0.0418,0.014,-0.0298,0.0337,0.0271,0.0576,0.0292,0.0275,0.0142,0.0323,0.0035,0.0304,0.0575,0.0108,-0.0064,-0.0046,0.0253,-0.0005,-0.0003,-0.237,-0.081,0.05,0.0339,0,4.34%,1.78%,2.65%,6.71%,7.84%,3.23%,2.14%,5.56%,8.58%,7.10%,,3.89%,8.00%,12.87%,-2.78%,-3.87%
2006-02-28,0.0014,0.005,0.004,0.0123,-0.0262,0.0156,0.0034,0.0118,0.0006,0.0034,0.0034,-0.003,-0.0042,-0.0035,-0.0051,0.0191,-0.0184,0.0015,-0.0012,-0.183,-0.134,-0.101,-0.0389,0.0001,-3.02%,-2.26%,0.25%,-0.87%,-0.16%,0.68%,0.15%,-1.10%,-0.37%,0.14%,,-0.40%,-4.93%,4.47%,2.32%,2.03%
2006-03-31,0.0245,0.0162,-0.0332,0.0106,0.0408,0.0137,0.015,0.0148,0.0057,0.0182,0.0037,0.0146,0.034,0.0059,0.0009,-0.0041,0.0126,0.0015,-0.0001,-0.066,-0.104,-0.059,0.0124,0,0.55%,0.89%,1.24%,3.79%,4.18%,1.32%,0.68%,3.01%,4.73%,3.55%,,5.09%,8.79%,8.71%,-4.19%,5.03%
2006-04-30,0.0234,0.0202,-0.0075,0.0286,0.0292,0.0382,0.0175,0.0075,0.0205,0.0222,0.0036,0.0073,-0.0084,0.0234,0.018,0.0001,0.0061,0.0027,0,0.198,0.318,0.228,-0.0066,0.0001,14.62%,1.94%,1.33%,0.35%,0.04%,2.64%,0.55%,1.04%,0.00%,0.09%,,2.48%,8.76%,1.88%,-3.75%,-2.86%
2006-05-31,-0.0284,0.0082,0.0539,-0.006,-0.027,-0.0502,-0.0009,0.0076,0.0081,-0.013,0.0043,-0.0357,-0.0285,0.0242,0.0115,0.0146,-0.037,0.0012,-0.0005,-0.07,0.157,-0.046,0.0205,0.0002,0.91%,-3.78%,-2.89%,-4.61%,-4.94%,-2.34%,-1.97%,-3.73%,-5.97%,-3.84%,,-2.88%,1.07%,-16.17%,-0.22%,-3.68%
2006-06-30,-0.0101,0.0027,0.0515,0.0044,-0.0204,-0.0014,0.0075,0.0035,0.0062,-0.0011,0.004,-0.0035,-0.0024,0.0085,0.0133,-0.0007,0.0154,0,0.0003,-0.15,-0.126,-0.02,0.0322,0.0001,-3.18%,-1.26%,0.13%,0.36%,0.20%,0.67%,0.15%,-0.21%,-0.80%,1.06%,,0.37%,-2.43%,2.35%,5.03%,-0.55%
2006-07-31,-0.0005,0.0126,0.0289,0.0136,-0.0243,0.0199,0.0004,0.0079,0.0024,0.0029,0.004,-0.0078,-0.0364,0.0262,0.0163,0.009,-0.0213,-0.0002,0,-0.173,-0.116,-0.23,0.0546,0.0001,-6.08%,-3.69%,0.61%,-3.02%,-3.31%,2.72%,0.53%,-2.27%,-5.27%,-1.43%,,-0.71%,1.44%,1.41%,-7.88%,1.18%
2006-08-31,0.0154,0.0031,-0.0072,-0.0077,0.0139,0.0142,0.0105,0.0101,-0.0002,0.0085,0.0042,0.0203,0.0044,-0.0206,-0.0186,0.0209,-0.0338,-0.0021,0.0004,-0.096,-0.081,-0.064,-0.028,-0.0001,0.36%,4.72%,2.36%,1.82%,2.24%,1.73%,2.00%,1.99%,2.16%,2.32%,,-1.38%,0.17%,6.11%,-11.83%,1.24%
2006-09-30,0.0009,0.002,-0.0311,0.0002,-0.0115,-0.0045,0.006,0.0115,-0.0002,0.0013,0.0041,0.0184,-0.0146,0.0008,0.0082,0.006,-0.0096,-0.0016,0,-0.039,-0.203,0.036,-0.0176,-0.0001,0.25%,0.12%,2.56%,0.95%,0.89%,2.07%,1.66%,1.66%,0.89%,0.90%,,1.40%,4.39%,5.38%,-4.37%,-1.33%
2006-10-31,0.0219,0.0039,-0.0425,0.0108,0.0173,0.0286,0.0223,0.0068,0.0074,0.0177,0.0041,0.0323,0.0198,-0.003,-0.0012,0.0028,-0.002,0.0001,-0.0002,-0.208,-0.093,0.396,0.0379,0.0001,7.48%,4.56%,3.25%,4.86%,5.20%,3.18%,2.43%,3.71%,5.67%,4.78%,,1.61%,-1.58%,7.60%,1.85%,3.23%
2006-11-30,0.026,0.0097,-0.0546,0.0144,0.0222,0.0315,0.0209,0.0106,0.0116,0.0207,0.0042,0.0171,0.0071,0.0014,0.0015,-0.0081,-0.0103,-0.0013,-0.0009,-0.108,0.474,0,0.0284,0.0002,5.95%,3.68%,1.88%,3.68%,3.09%,2.06%,1.82%,3.81%,3.13%,3.08%,,0.95%,0.50%,0.89%,-1.47%,4.53%
2006-12-31,0.0208,0.0088,0.0063,0.0136,0.0405,0.0284,0.0158,0.0149,0.0072,0.0183,0.004,0.0087,-0.0082,0.0273,-0.0072,0.0206,0.0079,-0.0004,0.0006,0.055,-0.077,-0.218,-0.0162,-0.0002,2.54%,5.29%,1.40%,-0.04%,0.02%,2.43%,0.45%,-0.26%,-0.40%,0.43%,,3.76%,0.40%,9.11%,5.67%,4.37%
2007-01-31,0.0115,0.0061,0.0149,0.0129,0.0226,0.0008,0.0206,0.012,0.0012,0.0133,0.0044,0.014,0.0008,-0.0069,0.0025,0.0038,0.0024,0.002,-0.0008,0.013,0.026,0.062,0.0038,-0.0004,-0.49%,1.64%,1.49%,3.39%,2.38%,0.94%,1.08%,3.64%,2.69%,2.03%,,2.68%,0.16%,4.71%,6.43%,2.12%
2007-02-28,0.0071,0.0047,0.0077,0.005,-0.0438,0.0113,0.0155,0.0116,0.0121,0.0074,0.0038,-0.0196,0.0128,-0.0013,-0.0051,-0.0071,-0.0135,-0.0004,-0.0002,-0.03,-0.195,0.013,0.025,0.0001,-3.23%,-4.07%,-1.97%,-0.32%,-0.11%,-1.65%,-0.34%,0.00%,0.40%,-0.59%,,-3.44%,1.32%,-4.53%,-11.33%,-3.60%
2007-03-31,0.0187,0.0165,-0.0062,0.0121,-0.0254,0.0196,0.0127,0.0068,0.009,0.0124,0.0043,0.0068,0.0019,-0.0096,0.0064,-0.0065,0.0256,-0.0016,0.0015,-0.124,-0.018,-0.082,0.0293,0.0001,-0.50%,-3.24%,1.11%,1.14%,1.22%,1.65%,0.67%,0.84%,1.82%,0.60%,,1.94%,-1.78%,6.48%,5.24%,2.39%
2007-04-30,0.029,0.0101,-0.0274,0.0171,0.0402,0.0224,0.0152,0.0056,0.01,0.0202,0.0044,0.0349,-0.0203,-0.0146,0.0115,0.0104,-0.0024,0.0013,-0.0001,-0.136,0.02,-0.072,0.0201,0.0002,6.26%,5.69%,4.42%,2.39%,2.66%,4.15%,2.60%,3.67%,3.53%,1.86%,,5.06%,2.80%,9.41%,2.83%,8.74%
2007-05-31,0.0231,0.0075,-0.022,0.0179,0.0513,0.0172,0.0324,0.0119,0.0024,0.0231,0.0041,0.0324,0.004,-0.0065,0.0158,-0.0136,-0.0034,0.0006,-0.0006,-0.002,-0.139,-0.141,0.0274,0,-0.79%,6.84%,3.48%,4.67%,4.42%,3.73%,1.90%,4.34%,5.09%,3.65%,,2.18%,1.14%,7.82%,4.26%,-2.24%
2007-06-30,0.0042,0.0056,0.012,0.0122,0.0303,0.0183,0.0073,0.0028,0.0021,0.0078,0.004,-0.0196,0.0075,-0.0107,0.0053,0.0008,0.0051,0.0035,-0.0004,0.174,-0.003,0.127,0.008,0.0001,6.81%,3.65%,-1.67%,-1.87%,-1.61%,-2.12%,-1.17%,-1.95%,-0.71%,-2.52%,,2.15%,-0.67%,-2.06%,5.77%,7.02%
2007-07-31,-0.0069,0.004,0.0714,0.0096,-0.0479,0.0255,0.0097,-0.0111,-0.0196,0,0.004,-0.0373,-0.0298,-0.0372,0.002,-0.0113,0.0294,-0.001,0.0005,-0.131,0.208,-0.032,0.0266,-0.0003,2.07%,-2.50%,-3.09%,-4.67%,-5.76%,-4.50%,-1.70%,-4.11%,-4.39%,-7.19%,,-5.46%,-4.15%,-11.42%,-5.78%,-3.27%
2007-08-31,-0.0138,-0.0039,-0.0114,-0.0062,-0.0461,-0.0237,-0.0188,-0.0108,-0.0087,-0.0153,0.0042,0.0092,-0.0037,-0.0186,-0.0121,-0.0053,0.001,-0.0033,0.0033,-0.008,-0.004,0.081,-0.0046,-0.0007,-11.84%,-2.44%,1.50%,1.08%,1.34%,1.28%,1.43%,0.43%,1.26%,1.46%,,-2.28%,-0.44%,-2.61%,-0.63%,-7.52%
2007-09-30,0.0331,0.013,-0.0494,0.041,0.0513,0.0477,0.016,0.0197,0.0185,0.0271,0.0032,0.0322,-0.0243,-0.0223,-0.0052,-0.0302,0.0463,-0.0015,0.0009,0.061,0.086,0.331,0.0334,0.0003,13.80%,7.81%,3.72%,3.01%,2.15%,3.35%,2.44%,2.88%,3.28%,0.87%,,4.12%,2.33%,3.66%,3.71%,8.49%
2007-10-31,0.0373,0.015,-0.0249,0.0272,0.0406,0.0548,0.0291,0.0218,0.0115,0.0316,0.0032,0.018,-0.0003,-0.0305,-0.003,-0.0009,0.0502,0.0001,-0.0012,-0.158,0.05,0.118,0.0551,0.0001,6.73%,9.02%,1.58%,2.50%,2.62%,0.23%,1.48%,1.69%,3.80%,1.34%,,4.94%,5.61%,4.99%,0.79%,8.07%
2007-11-30,-0.0171,0.0056,0.1031,-0.0017,-0.0095,-0.0185,-0.0168,-0.0148,-0.0025,-0.0121,0.0034,-0.0483,-0.0301,-0.0095,0.0189,-0.0029,0.0099,-0.0038,0.003,0.034,0.242,0.012,0.022,0,-3.71%,-2.16%,-4.19%,-6.00%,-6.79%,-4.94%,-1.93%,-4.99%,-6.81%,-6.70%,,-2.36%,-0.44%,-6.72%,2.18%,-7.86%
2007-12-31,0.0042,0.0048,0.0006,0.015,0.0032,0.0132,0.0032,-0.004,0.0021,0.0047,0.0027,-0.0087,0.0015,-0.0054,0.0087,-0.0104,0.0663,-0.0005,0.003,-0.028,0.026,-0.022,0.0504,-0.0001,4.04%,1.32%,-0.70%,-0.48%,-0.72%,-1.43%,-0.32%,-0.07%,-0.09%,-1.42%,,2.84%,3.96%,-0.49%,3.52%,2.37%
2008-01-31,-0.0405,0.0069,0.0568,0.0444,0.0413,-0.0267,-0.0244,-0.0053,0.0028,-0.0148,0.0021,-0.0636,-0.0066,0.0398,0.0214,0.0214,-0.0775,-0.0036,0.0025,0.011,0.051,0.068,-0.1254,0.0001,2.09%,-0.48%,-6.02%,-6.21%,-6.23%,-4.06%,-2.91%,-6.55%,-8.80%,-3.62%,,-3.26%,0.56%,-16.40%,-2.41%,-1.95%
2008-02-29,0.0206,0.0107,-0.0089,0.0411,0.0661,0.0178,0.0085,-0.0129,-0.0066,0.0161,0.0013,-0.0309,-0.0066,-0.0084,0.0088,-0.0093,0.061,0,0.0028,-0.028,0.146,0.315,0.0289,0,14.92%,5.55%,-3.25%,-2.48%,-2.62%,-4.77%,-1.78%,-2.26%,-2.03%,-3.18%,,9.39%,16.17%,2.35%,6.83%,3.90%
2008-03-31,-0.0206,0.0001,0.0486,-0.017,-0.0053,-0.033,-0.0172,-0.0593,-0.0643,-0.0211,0.0017,-0.0093,0.0056,0.003,0.0079,0.005,0.0427,-0.0023,0.003,0.148,0.199,-0.079,0.0409,0,-0.53%,1.33%,-0.44%,-1.15%,-0.54%,-0.36%,-0.25%,-2.04%,-1.14%,0.15%,,-2.77%,-8.61%,4.66%,-0.80%,1.23%
2008-04-30,0.022,0.0031,-0.073,-0.0159,-0.0215,0.0017,0.0051,0.0111,0.0207,0.0057,0.0018,0.046,-0.0114,-0.0104,0.0163,-0.0247,-0.0031,0.0017,-0.0009,-0.146,-0.218,-0.026,0.1082,0.0003,1.26%,0.59%,4.86%,5.60%,5.48%,4.09%,2.86%,6.68%,6.50%,4.42%,,-2.18%,2.71%,-9.75%,-8.69%,0.78%
2008-05-31,0.0291,0.011,0.0086,0.018,0.0144,0.0214,0.0189,0.015,0.0126,0.02,0.0018,0.0186,0.0306,-0.0149,0.0093,-0.0006,0.0331,0.002,-0.0024,0.003,-0.189,-0.151,0.08,0,4.88%,3.28%,1.29%,4.92%,5.16%,-0.35%,1.01%,4.42%,6.25%,4.19%,,0.12%,3.47%,-1.86%,-6.07%,1.62%
2008-06-30,-0.0133,0.0055,0.0902,0.02,0.0479,-0.0159,-0.0015,-0.0036,-0.0047,0,0.0017,-0.0844,0.0115,-0.0267,0.0496,-0.0055,0.1275,0.0022,-0.0008,-0.048,-0.01,0.031,0.0941,-0.0001,4.22%,3.03%,-8.44%,-7.49%,-8.89%,-9.56%,-4.96%,-7.61%,-6.39%,-11.55%,,7.93%,8.11%,17.93%,5.22%,2.99%
2008-07-31,-0.0343,-0.0006,0.0298,-0.0264,-0.042,-0.0284,-0.0253,-0.0214,-0.0037,-0.0261,0.0015,-0.0077,0.0372,0.0542,-0.0137,0.0108,-0.0507,-0.0009,0.0018,-0.127,-0.258,-0.143,-0.1318,-0.0005,-13.55%,-2.38%,-0.83%,-0.46%,1.67%,-0.32%,-0.45%,-3.93%,-0.45%,4.03%,,-3.51%,-9.10%,4.81%,-0.42%,-1.91%
2008-08-31,-0.0211,-0.0059,-0.045,-0.0137,-0.0248,-0.04,-0.0016,-0.0066,-0.007,-0.0147,0.0013,0.0153,0.0346,0.0159,0.0186,0.0084,-0.0402,-0.0012,0.0011,0.103,0.66,0.237,0.0186,0.0001,1.36%,-1.38%,1.45%,2.12%,3.12%,1.67%,1.23%,1.50%,2.39%,3.82%,,-3.55%,-4.34%,-1.93%,-0.03%,-7.02%
2008-09-30,-0.0781,-0.0141,-0.0608,-0.0663,-0.0057,-0.0893,-0.0575,-0.1226,-0.068,-0.0655,0.0015,-0.0924,0.0025,0.0592,0.0241,0.0178,0.0028,-0.002,0.0036,0.099,0.307,0.314,-0.1333,-0.0003,-1.26%,4.95%,-8.91%,-11.37%,-9.42%,-6.93%,-5.97%,-12.91%,-12.68%,-6.02%,,-1.48%,-6.63%,20.20%,0.11%,-9.17%
2008-10-31,-0.0713,-0.0183,0.0966,-0.0513,0.0496,-0.1363,-0.0509,-0.1259,-0.1404,-0.063,0.0008,-0.1723,-0.0334,-0.023,0.0304,0.0205,0.0785,0.0012,0.0145,0.045,0.692,0.32,-0.0886,-0.0007,20.59%,7.12%,-16.79%,-21.52%,-21.51%,-16.55%,-11.65%,-21.92%,-22.14%,-21.11%,,8.95%,1.45%,20.56%,4.72%,19.84%
2008-11-30,-0.0141,-0.4045,0.0304,0.0154,0.0322,-0.0187,-0.0321,-0.0188,-0.056,-0.0415,0.0003,-0.0786,-0.0389,-0.0631,0.0453,0.0274,0.0717,-0.0028,0.0061,0.385,-0.068,-0.08,-0.0561,-0.0015,10.10%,2.57%,-7.17%,-11.24%,-11.50%,-6.22%,-3.42%,-9.14%,-12.50%,-10.51%,,7.97%,4.55%,3.70%,20.53%,4.41%
2008-12-31,0.0106,0.0041,-0.0168,0.0111,0.0237,0.0022,-0.0126,-0.0098,-0.008,-0.0003,0,0.0174,0.0329,0.0015,0.0006,-0.0149,-0.0509,-0.0111,0.0033,0.302,0.184,0.162,-0.0853,-0.0017,4.98%,2.29%,1.07%,5.36%,5.58%,1.68%,2.46%,4.84%,5.80%,5.40%,,6.11%,3.25%,-0.60%,12.94%,9.45%
2009-01-31,-0.0017,0.0114,0.0369,0.0233,-0.0056,-0.0014,0.0079,0.0572,0.0048,0.0109,0,-0.0812,-0.0213,-0.1129,0.0018,-0.0116,-0.0218,0.001,-0.0039,-0.183,-0.168,-0.128,0.0796,0.0006,0.38%,-0.27%,-8.41%,-8.46%,-10.24%,-11.44%,-5.21%,-7.02%,-7.48%,-12.99%,,0.27%,2.10%,5.44%,-6.75%,0.31%
2009-02-28,-0.0134,-0.0561,0.0322,0.0021,-0.0016,-0.021,-0.0113,0.0075,0.0101,-0.0088,0.0001,-0.101,-0.0133,-0.0695,0.0119,-0.0102,0.0441,0.0035,-0.0041,-0.05,-0.099,-0.085,-0.0035,0.0003,-2.32%,0.76%,-10.66%,-10.09%,-11.96%,-13.35%,-6.47%,-9.60%,-10.09%,-13.98%,,2.54%,2.52%,7.94%,1.49%,-0.32%
2009-03-31,0.0186,0.011,-0.0547,0.0003,-0.0218,0.0224,0.0016,0.0114,0.0174,0.0065,0.0002,0.0895,0.0068,0.0348,-0.0252,-0.0224,-0.1187,-0.0005,0.0039,-0.095,-0.042,-0.199,-0.0451,-0.002,-7.57%,-3.34%,8.76%,8.99%,9.47%,8.93%,6.11%,8.86%,9.46%,9.41%,,-2.23%,-3.45%,-4.48%,4.94%,-5.84%
2009-04-30,0.0254,0.0129,-0.0957,0.0019,-0.0324,0.0517,0.0148,0.0452,0.0193,0.0168,0.0001,0.1018,0.0713,0.0536,0.0131,0.0013,-0.343,0.0011,-0.0014,-0.16,-0.249,-0.183,-0.0458,0.0021,-2.43%,0.18%,9.56%,15.82%,18.26%,10.35%,6.41%,14.19%,17.12%,19.70%,,-4.47%,-2.43%,-11.65%,-4.95%,-2.65%
2009-05-31,0.0523,0.0363,-0.0055,0.0147,0.0085,0.0696,0.0422,0.0581,0.0433,0.0406,0,0.0521,-0.0232,0.0027,-0.0078,-0.0216,-0.1249,0.0036,-0.0069,0.147,0.363,0.096,0.0196,0.002,13.30%,1.28%,5.62%,4.35%,3.74%,6.71%,3.56%,4.18%,3.91%,3.56%,,-7.37%,-8.15%,-5.27%,-7.86%,-6.85%
2009-06-30,-0.0004,-0.0021,-0.0196,-0.0085,-0.0232,0.0069,0.0102,0.0405,0.0183,0.0043,0.0001,0.0043,0.0229,-0.0273,-0.0141,-0.0033,0.0548,0.0043,-0.0099,-0.157,-0.194,-0.05,-0.0133,-0.0001,0.36%,-1.10%,0.22%,0.69%,1.16%,-0.82%,0.50%,-0.51%,2.44%,-0.13%,,1.50%,3.07%,0.19%,1.25%,-0.37%
2009-07-31,0.0299,0.0179,-0.0726,0.0178,-0.0043,0.0383,0.0233,0.058,0.0365,0.0254,0.0001,0.0772,0.0239,0.0484,-0.0046,0.0314,-0.0558,-0.0016,-0.0025,-0.1682,-0.2325,-0.0951,-0.0162,-0.0002,0.57%,-2.30%,7.58%,8.93%,9.67%,8.04%,5.30%,9.03%,8.63%,10.65%,,-3.38%,-2.76%,-10.99%,1.74%,-4.47%
2009-08-31,0.0142,0.0131,-0.0169,0.0086,0.0092,0.0106,0.0217,0.0339,0.0238,0.0153,0.0001,0.0333,-0.0009,0.0763,-0.0302,0.0334,-0.0907,0.0003,-0.0054,-0.0696,-0.2152,-0.0883,-0.0549,0.0007,-1.73%,0.23%,3.60%,3.71%,4.46%,5.06%,2.62%,4.95%,2.82%,6.09%,,2.06%,3.84%,-7.12%,4.97%,2.23%
2009-09-30,0.0323,0.0096,-0.0527,0.0277,0.0297,0.0494,0.0289,0.0323,0.0277,0.0304,0.0001,0.0408,0.0273,0.0104,0.0131,0.0035,-0.0479,-0.0019,-0.0008,-0.1154,-0.0823,-0.067,0.0647,0.0009,3.60%,-0.93%,3.72%,6.08%,6.34%,3.41%,2.98%,6.21%,7.18%,5.57%,,0.89%,0.10%,-3.82%,4.30%,2.29%
2009-10-31,-0.0121,-0.0035,0.0479,0.0021,-0.0217,0.009,0.0043,0.0216,0.0194,0.0013,0,-0.0259,-0.0493,-0.042,0.0417,-0.0149,0.0261,-0.0001,-0.0001,-0.1535,-0.1279,-0.029,0.0778,0.0002,-5.17%,-3.48%,-1.87%,-5.86%,-6.64%,-2.64%,-1.33%,-4.35%,-6.87%,-6.37%,,-2.31%,-4.14%,-0.33%,-1.49%,-1.01%
2009-11-30,0.0192,0.0008,-0.0299,0.0352,0.0494,0.0137,0.0216,0.008,0.0171,0.0211,0,0.0556,-0.0268,-0.0034,0.01,0.0012,0.003,0.0001,0.0002,-0.0501,-0.0631,0.1149,-0.0026,-0.0005,1.77%,2.11%,5.98%,3.89%,3.34%,5.97%,3.86%,4.89%,2.93%,3.66%,,4.34%,2.84%,5.72%,7.86%,2.50%
2009-12-31,0.0169,-0.0087,-0.0426,-0.0143,-0.05,0.0197,0.0228,0.0222,0.0076,0.0088,0.0001,0.0275,0.0623,-0.0017,0.0102,-0.0009,0.0302,0.0019,-0.0014,-0.1371,-0.0707,-0.2061,0.023,0.0003,-11.16%,-4.79%,1.95%,7.41%,7.88%,1.24%,1.04%,6.20%,8.89%,6.89%,,-1.51%,1.34%,6.10%,-9.92%,-3.82%
2010-01-31,-0.015,0.001,0.0027,0.0107,-0.0381,-0.0076,0.0142,0.0097,0.0202,0.0017,0,-0.0336,0.0034,0.0043,-0.0127,0.0046,-0.054,0.0014,-0.0026,-0.2097,-0.1159,-0.0628,-0.0111,0.0007,-6.93%,-3.90%,-3.61%,-3.37%,-3.35%,-2.45%,-1.51%,-3.55%,-3.65%,-3.04%,,-4.63%,-5.07%,-9.23%,-2.26%,-2.88%
2010-02-28,0.0132,-0.0135,-0.032,0.011,0.0181,-0.0045,0.0044,0.0047,0.0007,0.0068,0,0.034,0.0151,0.0323,-0.0027,0.0143,0.0374,-0.0004,0.0013,-0.1419,0.0825,-0.094,-0.0076,0.0002,0.19%,1.18%,3.09%,4.79%,4.97%,2.55%,2.12%,5.19%,4.69%,5.19%,,2.08%,3.21%,-0.63%,4.96%,-1.29%
2010-03-31,0.0299,0.0054,-0.0661,0.0038,0.0425,0.0389,0.0285,0.0206,0.0144,0.0222,0.0001,0.0631,0.0185,0.0221,-0.0065,0.0169,0.0376,0.0004,-0.0011,-0.2382,-0.1174,-0.1644,-0.0626,0.0001,1.58%,8.18%,6.01%,7.53%,8.09%,6.16%,3.72%,7.09%,8.14%,8.02%,,5.14%,4.07%,15.03%,2.10%,3.18%
2010-04-30,0.0029,0.0043,-0.0389,0.0165,0.0189,0.0101,0.0189,0.0169,0.0175,0.0124,0.0001,0.02,0.0498,0.0289,0.0069,0.0172,0.0316,0.0012,-0.0014,0.0518,-0.1589,-0.0433,0.0102,0.0003,1.85%,1.82%,1.58%,4.98%,5.54%,1.82%,1.75%,3.59%,4.89%,6.19%,,2.15%,2.59%,-2.74%,4.74%,2.12%
2010-05-31,-0.0413,-0.033,0.0584,-0.0063,-0.0403,-0.0428,-0.0307,-0.0251,-0.0079,-0.0276,0.0001,-0.0789,0.0004,-0.0244,0.013,-0.0022,-0.0025,-0.0043,0.0023,0.2137,0.4772,-0.0432,-0.0281,0.0002,3.26%,-4.58%,-8.00%,-7.53%,-7.79%,-7.78%,-4.49%,-7.33%,-7.51%,-7.98%,,-5.15%,-9.57%,-15.50%,8.33%,-3.15%
2010-06-30,-0.0207,-0.0099,0.0545,0.0056,0.0042,-0.0003,-0.0158,0.0001,0.0092,-0.0084,0.0001,-0.0557,-0.0247,-0.047,-0.0016,-0.0155,-0.0276,-0.0022,0.004,-0.0159,-0.0425,-0.146,0.0038,-0.0002,-1.52%,-0.22%,-5.25%,-7.07%,-7.58%,-5.11%,-2.70%,-6.18%,-7.15%,-8.09%,,1.18%,-3.10%,-4.48%,9.26%,5.22%
2010-07-31,0.0253,0.0167,-0.0352,0.0065,-0.015,0.0352,0.0156,0.0222,0.012,0.0159,0.0001,0.0693,0.0014,-0.0033,0.0027,0.0198,0.0183,-0.0019,-0.0003,-0.1423,0.1716,0.2218,0.0248,0,-2.24%,-0.86%,7.00%,7.08%,7.16%,6.55%,4.49%,6.91%,6.87%,7.47%,,-0.88%,-3.52%,5.79%,-0.29%,-1.26%
2010-08-31,-0.0112,-0.0155,0.0515,0.0148,0.0487,0.0012,-0.004,0.0135,0.0124,0.0023,0.0001,-0.0477,-0.0313,-0.0193,0.0058,-0.0161,-0.0006,-0.0031,-0.0004,0.4521,0.0238,-0.0425,0.0213,0.0003,6.97%,2.75%,-4.53%,-5.73%,-6.61%,-4.23%,-2.33%,-4.53%,-6.48%,-6.71%,,5.78%,2.10%,-3.71%,21.25%,3.50%
2010-09-30,0.0509,0.0366,-0.1128,0.0272,0.0277,0.0477,0.032,0.0111,0.0155,0.0343,0.0001,0.0954,0.0377,-0.0318,-0.0018,0.0036,0.0141,-0.0005,0.0005,-0.1809,0.007,0.0308,0.0326,-0.0004,7.52%,3.59%,8.92%,11.36%,11.98%,7.57%,5.59%,10.59%,13.63%,10.41%,,1.17%,4.82%,3.28%,-4.75%,-1.31%
2010-10-31,0.02,0.0093,-0.036,0.0162,0.0429,0.0221,0.018,0.0198,0.011,0.0192,0.0001,0.0388,0.0086,-0.0251,0.0131,-0.0033,0.0158,-0.0011,0.0017,-0.1568,0.0557,0.1601,0.0232,0.0002,6.14%,3.91%,3.79%,4.22%,4.07%,2.74%,2.52%,4.05%,4.49%,3.59%,,2.10%,7.72%,2.67%,-3.89%,-3.06%
2010-11-30,0.0046,-0.0251,-0.0236,-0.0052,-0.0411,-0.0038,0.0015,0.0004,0.0074,-0.0018,0.0001,0.006,0.0364,-0.0092,0.0038,0.0163,0.0266,0.0022,-0.0002,0.01,-0.1985,0.0262,0.0275,0.0001,-6.82%,-0.82%,0.00%,3.16%,3.07%,-0.59%,0.16%,2.18%,3.87%,2.26%,,-0.69%,-1.31%,0.71%,-6.31%,5.60%
2010-12-31,0.0342,0.0174,-0.0586,0.0267,0.0542,0.015,0.0393,0.0116,0.0061,0.029,0.0001,0.0682,0.0099,0.0376,-0.0352,0.0321,-0.0303,0.0053,-0.0035,0.0049,-0.0454,-0.014,0.0315,0,10.10%,3.60%,6.67%,7.29%,7.72%,7.89%,3.66%,6.84%,7.91%,7.55%,,4.53%,8.76%,7.27%,-7.51%,7.04%
2011-01-31,0.0027,0.0179,-0.0083,-0.0077,-0.0082,-0.0039,0.018,0.0216,0.0168,0.0069,0.0001,0.0199,-0.0238,0.0075,-0.0065,0.0077,-0.0029,0.001,-0.0011,-0.0645,-0.1763,-0.2097,0.011,0.0005,-4.91%,-0.77%,2.36%,1.43%,0.86%,2.86%,1.34%,2.27%,1.04%,0.63%,,-0.67%,3.69%,-0.66%,-4.80%,-4.93%
2011-02-28,0.0172,0.0052,-0.0337,0.0128,0.026,-0.0007,0.0144,0.029,0.0093,0.0138,0.0001,0.0349,0.0165,0.0127,-0.0193,0.0087,0.0199,0.0019,-0.0013,-0.1292,-0.159,0.0382,-0.0099,0,5.84%,1.77%,3.42%,4.69%,5.33%,3.99%,2.27%,4.00%,6.06%,4.68%,,4.16%,4.77%,6.46%,0.02%,5.71%
2011-03-31,0.0028,0.0111,-0.0178,0.0015,-0.0276,0.0212,-0.0026,-0.0061,-0.0031,0.0012,0.0001,0.0046,0.0263,-0.0185,0.018,-0.0005,0.034,-0.0017,0.0005,-0.185,-0.0518,0.0252,0.0023,0.0003,-6.53%,-2.14%,0.02%,2.19%,2.42%,0.06%,0.24%,1.71%,3.22%,1.48%,,-1.64%,0.81%,-5.63%,-2.01%,-3.12%
2011-04-30,0.017,0.0337,-0.0267,0.0246,0.054,0.0232,0.0114,0.0006,0.0092,0.018,0,0.029,-0.005,-0.0249,0.0111,-0.0086,0.0004,0.0005,-0.0006,-0.0654,0.2249,0.172,-0.058,-0.0001,16.42%,2.85%,2.95%,2.75%,2.94%,2.93%,2.36%,2.72%,3.50%,2.40%,,5.14%,2.56%,6.09%,7.57%,6.93%
2011-05-31,-0.0168,-0.0103,0.022,-0.0063,-0.0444,-0.011,-0.0061,0.0002,0.0021,-0.0096,0,-0.0127,-0.0071,-0.02,0.0191,-0.015,-0.0062,-0.0029,0.0005,0.0234,-0.1901,-0.1546,-0.0273,0.0002,-5.92%,-4.46%,-1.15%,-1.35%,-2.01%,-1.35%,-0.19%,-0.44%,-1.93%,-2.11%,,-1.22%,-5.59%,-4.19%,10.61%,-3.08%
2011-06-30,-0.0149,-0.0029,0.0157,-0.0111,-0.0307,-0.0065,-0.0216,-0.0086,0.0006,-0.0136,0,-0.0175,0.0013,-0.0039,0.0243,-0.0151,0.0178,-0.0017,0.0014,-0.1181,-0.1823,-0.0495,-0.0212,0,-9.40%,-2.59%,-1.67%,-2.34%,-2.02%,-2.13%,-1.21%,-2.40%,-1.97%,-2.08%,,-2.42%,-4.58%,-3.45%,-0.15%,0.20%
2011-07-31,-0.0041,-0.0018,0.0301,0.0253,0.0403,0.0167,-0.0078,-0.0014,0.0055,0.0069,0,-0.0235,-0.012,-0.009,0.0268,-0.0182,0.0016,0,0.0001,0.347,0.1369,0.0009,0.001,0,11.38%,1.89%,-2.05%,-3.18%,-3.71%,-3.47%,-0.72%,-3.47%,-3.93%,-3.48%,,1.88%,4.16%,-9.97%,4.72%,3.10%
2011-08-31,-0.0444,-0.0089,0.0656,0.0191,0.0025,-0.0315,-0.0537,-0.0173,-0.0027,-0.023,0.0001,-0.0599,-0.032,-0.0236,0.033,-0.0038,-0.0028,-0.007,0.003,0.3692,-0.0056,0.2202,-0.0378,-0.0001,0.97%,-3.20%,-5.45%,-8.32%,-8.31%,-5.78%,-2.81%,-7.01%,-8.50%,-8.05%,,2.63%,2.41%,-12.05%,17.69%,-2.22%
2011-09-30,-0.0522,-0.0222,0.0845,-0.0007,-0.0078,-0.0747,-0.0506,-0.0177,-0.0019,-0.032,0,-0.0759,-0.0365,-0.0172,0.0204,0.0026,-0.0242,-0.0032,0.0023,0.1352,0.1851,0.278,-0.064,-0.0003,-4.11%,-2.00%,-7.04%,-11.04%,-11.01%,-7.06%,-4.39%,-9.89%,-11.40%,-10.60%,,-9.46%,-19.62%,3.14%,4.74%,-13.97%
2011-10-31,0.0445,0.0276,-0.0959,0.0018,-0.0506,0.037,0.0256,0.0118,0.0014,0.0173,0,0.1135,0.0346,0.001,-0.0216,-0.0086,-0.0143,0.0017,-0.0007,-0.0969,-0.1694,-0.2153,0.0764,-0.0004,-3.85%,-2.11%,10.91%,14.24%,15.25%,10.36%,6.97%,13.18%,16.17%,14.34%,,-1.81%,0.28%,-7.35%,-3.83%,0.35%
2011-11-30,-0.0148,0.0009,-0.0017,-0.0003,0.0018,-0.0269,-0.0105,-0.006,0.005,-0.0079,0,-0.0028,-0.0027,-0.0045,0.0186,0.0149,0.0385,-0.0014,-0.0009,0.0229,-0.1926,-0.0616,0.0278,0.0011,-2.91%,0.48%,-0.23%,-0.52%,-0.41%,-0.45%,-0.27%,-0.67%,-0.63%,-0.22%,,2.47%,3.82%,3.13%,4.81%,-3.27%
2011-12-31,-0.0088,-0.0049,0.0165,0.0043,0.0079,-0.007,-0.0081,0.0062,0.0038,-0.0022,0,0.0074,-0.0033,0.0163,0.0098,0.0251,0.0181,-0.0003,0.0014,-0.0095,-0.2514,0.0037,-0.0094,-0.001,2.10%,1.58%,1.02%,-0.12%,0.22%,2.38%,0.93%,-0.29%,-0.55%,0.93%,,1.32%,-1.40%,-0.31%,9.06%,-0.41%
2012-01-31,0.0391,0.0017,-0.0758,0.0122,0.0115,0.0374,0.028,0.0236,0.0117,0.0234,0,0.0505,0.0205,-0.0097,-0.0201,-0.0143,-0.0793,-0.0001,-0.0001,-0.1497,-0.2309,-0.219,-0.026,0,3.07%,1.09%,4.46%,7.56%,6.95%,3.41%,3.39%,6.54%,7.11%,6.88%,,-0.62%,-0.88%,-4.32%,2.26%,-0.46%
2012-02-29,0.0264,0.0133,-0.0466,0.0079,0.0121,0.0292,0.0158,0.0188,0.01,0.0161,0,0.0442,-0.017,0.0043,-0.0048,-0.0001,-0.0029,0,-0.0009,-0.1419,0.0556,-0.0806,0.0239,0.0006,2.32%,2.31%,4.31%,4.02%,3.19%,3.93%,2.48%,4.33%,3.87%,2.46%,,-2.15%,0.23%,-5.13%,-4.20%,-2.46%
2012-03-31,0.005,-0.0015,-0.0135,-0.0043,-0.0296,-0.007,0.0079,0.0055,0.0074,0.0005,0,0.0311,-0.0047,0.0114,-0.0054,0.0074,0.013,0.002,-0.0011,-0.0855,-0.107,-0.125,-0.0611,0.0001,-5.14%,-0.89%,3.28%,2.25%,2.30%,2.89%,1.62%,1.96%,2.28%,2.36%,,0.21%,2.98%,0.34%,-2.78%,-2.19%
2012-04-30,-0.0046,-0.0041,-0.0253,-0.0025,0.0043,0.0015,-0.0023,-0.0023,0.0069,-0.0004,0,-0.0085,-0.0055,-0.0078,0.013,0.0065,0.0375,-0.0012,0.0008,0.0206,-0.1873,-0.1348,0.0033,0.0005,-2.25%,0.55%,-0.64%,-0.83%,-0.92%,-0.89%,0.02%,-0.57%,-0.97%,-0.90%,,3.65%,0.76%,3.58%,10.84%,1.68%
2012-05-31,-0.0453,-0.0318,0.0903,0.0019,0.0238,-0.0379,-0.0132,-0.0084,0.0024,-0.0133,0.0001,-0.0619,-0.0012,-0.0106,0.0208,0.0232,0.0649,-0.0025,0.0013,0.505,0.4104,0.1914,-0.0047,-0.0001,8.66%,7.53%,-6.02%,-7.06%,-6.77%,-5.98%,-3.33%,-7.23%,-7.24%,-6.27%,,10.72%,6.09%,11.83%,17.02%,12.35%
2012-06-30,0.0035,0.0093,-0.0272,-0.0137,-0.0356,-0.0013,-0.0018,0.0033,0.0076,-0.004,0,0.0389,0.0084,0.0062,-0.0109,0.0046,-0.0106,-0.0018,0.0013,-0.1335,-0.2316,0.1376,0.0132,-0.0004,-3.34%,-5.27%,4.11%,3.12%,4.51%,4.70%,2.28%,2.46%,4.69%,4.29%,,-6.36%,-4.32%,-9.97%,-7.65%,-6.33%
2012-07-31,0.0055,-0.004,-0.0044,0.0214,0.0468,0.0096,0.0074,0.0086,0.0162,0.0142,0,0.0079,-0.028,-0.0002,0.011,0.0009,0.0302,-0.0009,-0.0006,-0.0394,-0.1671,0.1923,-0.0058,0.0001,5.75%,4.04%,1.37%,-0.61%,-0.82%,1.23%,1.18%,0.00%,-1.28%,-0.44%,,1.81%,-2.29%,-2.44%,9.13%,5.29%
2012-08-31,0.0151,0.0125,-0.0425,0.0038,-0.0155,0.0084,0.0118,0.0044,0.0102,0.0084,0.0001,0.0255,0.0045,0.013,-0.0133,-0.0086,-0.0237,0.0015,-0.0011,-0.0661,-0.2073,-0.1033,-0.0061,-0.0004,-3.47%,-1.41%,2.24%,3.64%,3.46%,1.47%,1.53%,3.07%,4.03%,2.96%,,-1.75%,-2.03%,-2.66%,-0.79%,-1.53%
2012-09-30,0.0157,0.0056,-0.0378,0.006,-0.0137,0.0221,0.0167,0.004,0.0126,0.0104,0.0001,0.0273,0.0061,0.016,-0.0149,0.0154,-0.0114,0.0004,-0.0011,-0.1407,-0.1518,-0.0715,-0.0245,0.0003,-3.91%,-3.07%,2.58%,2.45%,2.73%,3.05%,1.59%,2.07%,2.60%,2.88%,,-3.76%,-6.21%,0.53%,-0.83%,-5.26%
2012-10-31,-0.0021,-0.0042,-0.0007,-0.0073,-0.0464,0.0035,0.0091,0.0025,0.0087,-0.0018,0.0001,-0.0176,-0.009,0.0359,-0.0134,0.0251,0.0014,0.0003,-0.0029,-0.2663,-0.1985,-0.2465,0.0035,0.0004,-2.62%,-3.65%,-1.86%,-1.30%,-1.46%,-0.54%,-1.00%,-1.17%,-2.35%,-0.61%,,-1.14%,-1.70%,2.27%,-2.92%,-0.64%
2012-11-30,0.0073,0.0039,-0.0043,0.0072,0.0058,0.011,0.003,0.0022,0.0048,0.0064,0.0001,0.0078,0.0047,-0.0084,0.006,0.0084,0.0049,-0.001,0.0003,-0.1872,-0.0609,-0.0919,-0.0171,-0.0006,-0.70%,-0.34%,0.56%,1.66%,1.16%,-0.51%,0.51%,1.51%,1.54%,0.85%,,-0.26%,-3.90%,0.89%,4.80%,0.64%
2012-12-31,0.0158,0.0086,-0.0295,0.0127,0.0108,0.0238,0.0198,0.0138,0.0068,0.0148,0.0001,0.0118,0.0191,0.0351,-0.0185,0.0088,-0.0286,0.0007,0.0005,-0.1772,0.0995,0.0343,0.0183,0.0005,3.56%,0.50%,0.90%,2.79%,3.07%,1.93%,0.66%,2.43%,2.77%,3.32%,,1.04%,-2.19%,6.87%,-1.93%,6.33%
2013-01-31,0.0354,0.0199,-0.0522,0.0088,0.0267,0.0345,0.0215,0.0201,0.0106,0.0207,0,0.0557,0.0047,0.0096,-0.0193,0.0142,-0.0179,0.0019,-0.0009,0.0266,0.1255,-0.1855,-0.0257,,0.0007,0.17%,5.18%,6.74%,6.35%,6.37%,3.03%,6.73%,6.12%,6.51%,,0.81%,2.97%,13.35%,-12.30%,1.29%
2013-02-28,0.0012,-0.0128,-0.0165,0.0029,-0.0077,0.0049,0.0046,-0.0007,0.0049,0.0024,0,0.0129,-0.0025,0.0011,-0.0067,0.0054,0.0129,0.0007,0.0005,-0.0832,0.1183,0.0199,-0.0082,,0.0445,-1.32%,1.34%,1.00%,1.33%,1.50%,0.99%,1.33%,0.95%,1.70%,,1.87%,3.55%,0.69%,5.93%,-5.04%
2013-03-31,0.0138,0.0005,-0.0191,0.0097,0.0174,0.0055,0.0211,0.0072,0.0061,0.0121,0,0.0403,0.0086,-0.0019,0.0014,0.0137,0.0192,-0.0002,0.0002,-0.0187,-0.1538,-0.1592,0.0064,,-0.0053,2.18%,3.74%,4.70%,4.69%,3.92%,2.34%,4.37%,4.84%,4.61%,,1.27%,0.25%,1.88%,4.49%,-0.63%
2013-04-30,0.0126,0.0101,-0.0345,0.0177,0.035,0.0162,0.012,0.0014,0.0034,0.0139,0,0.0155,-0.0225,0.0045,0.0027,0.0037,0.0022,-0.002,-0.0006,0.1126,-0.0158,0.4144,-0.0183,,0.0907,2.90%,1.91%,0.60%,0.13%,2.19%,1.39%,1.69%,-0.45%,-0.07%,,6.08%,6.40%,10.39%,6.87%,1.34%
2013-05-31,0.0119,0.004,-0.0151,-0.0005,-0.0498,-0.002,0.0227,0.013,0.0001,0.0042,0,0.028,0.0209,0.0263,-0.0197,-0.0091,-0.0202,0.0017,-0.0003,0.1108,-0.0019,-0.0666,0.0038,,-0.0346,-4.58%,2.33%,2.81%,3.61%,2.51%,0.75%,1.83%,4.25%,3.04%,0.31%,-2.22%,2.96%,4.13%,-19.47%,1.31%
2013-06-30,-0.0063,0.0057,0.0081,-0.0248,-0.0542,-0.0264,-0.0131,-0.0033,-0.0114,-0.0166,0,-0.012,0.0156,0.0003,-0.0038,0.0001,0.0052,0.0037,0.0009,0.336,0.0795,0.0896,-0.0131,,0.0086,-0.54%,-1.35%,-1.01%,-0.99%,-0.81%,-1.40%,-1.19%,-0.80%,-1.11%,-0.83%,0.53%,3.68%,-11.33%,10.22%,-7.36%
2013-07-31,0.0195,0.0202,-0.0574,0.0026,-0.0106,-0.0009,0.0151,-0.0008,0.0038,0.0088,0,0.0565,0.018,0.0057,-0.0135,0.0052,0.0175,0.0028,-0.0015,-0.128,-0.1046,0.0068,0.0031,,0.0186,0.44%,5.07%,6.99%,6.66%,5.18%,3.31%,5.64%,6.66%,6.66%,5.98%,3.40%,2.41%,13.39%,-2.01%,3.75%
2013-08-31,-0.0111,-0.0172,0.0003,-0.0092,-0.0277,-0.0024,-0.0004,0.0072,0.0021,-0.0054,0,-0.0271,-0.0006,-0.0269,0.0066,-0.0216,0.0002,0.0016,-0.0006,-0.0248,-0.2188,0.2833,0.0138,,-0.0142,-2.53%,-2.91%,-2.83%,-3.17%,-3.60%,-1.94%,-2.53%,-1.93%,-4.21%,-3.57%,-0.78%,-2.82%,-2.76%,4.74%,-1.19%
2013-09-30,0.0264,0.0091,-0.0552,0.0084,-0.0015,0.0128,0.0145,0.0024,0.0051,0.0127,0,0.0377,0.0266,-0.0122,-0.0058,-0.014,0.0307,0.0007,-0.0002,-0.0281,0.0059,-0.1871,-0.0225,,-0.0167,-1.18%,3.12%,5.99%,5.69%,2.15%,2.56%,4.54%,6.13%,5.30%,3.02%,-1.45%,-2.13%,10.97%,-7.36%,-2.98%
2013-10-31,0.0254,0.0117,-0.0165,0.0101,0.0296,0.0201,0.0145,0.0092,0.0061,0.0159,0,0.0418,-0.0151,0.0125,0.0278,0.0092,0.0008,-0.0019,0.0003,-0.153,-0.1811,-0.1064,-0.0214,,-0.0025,1.31%,4.59%,2.81%,3.27%,4.56%,2.83%,3.38%,2.52%,3.90%,5.57%,2.45%,-0.42%,13.42%,0.29%,2.33%
2013-11-30,0.0185,0.0259,-0.0149,0.0103,0.0209,0.0108,0.0168,-0.002,0.005,0.0131,0,0.0313,0.014,0.0032,0.0014,0.0005,0.0044,0.001,-0.0003,-0.1215,0.0219,-0.0781,-0.0274,,0.0211,0.87%,3.03%,2.48%,2.71%,3.24%,1.60%,1.99%,2.32%,2.98%,3.15%,3.64%,2.71%,2.68%,3.42%,6.46%
2013-12-31,0.018,0.013,-0.0077,0.0071,0.001,0.0128,0.0161,0.0054,0.0018,0.0119,0,0.0281,-0.0044,-0.0002,-0.0046,0.0008,0.0002,0.0018,-0.0018,-0.0261,-0.0157,0.0257,-0.0025,,0.0439,1.92%,2.52%,2.99%,2.57%,2.04%,1.33%,2.99%,2.46%,2.70%,2.68%,1.94%,0.63%,3.97%,-0.45%,5.61%
2014-01-31,-0.0008,0.0008,-0.0109,-0.0105,-0.0342,-0.0227,0.0029,0.0209,0.01,-0.0029,0,-0.0332,0.0058,-0.0207,-0.0388,-0.0143,0.0171,-0.0004,-0.0015,-0.0253,-0.2325,-0.1001,0.0302,,0.0162,-3.25%,-3.47%,-1.85%,-2.07%,-3.58%,-1.27%,-2.33%,-1.17%,-2.85%,-2.32%,-4.82%,0.63%,-8.42%,-14.99%,-2.02%
2014-02-28,0.0288,0.0026,-0.0366,0.0069,0.0094,0.0179,0.0275,0.0014,0.0066,0.0172,0,0.0465,0.0016,-0.0031,-0.0023,-0.0047,0.0207,-0.0015,0.0006,-0.1142,-0.1546,0.2162,-0.0082,,0.001,1.04%,4.56%,5.39%,5.06%,3.93%,2.99%,5.99%,5.12%,5.05%,6.72%,-0.87%,-6.43%,11.74%,-0.32%,0.19%
2014-03-31,-0.0119,-0.0059,0.0056,-0.0024,-0.0182,-0.0151,-0.0014,0.0022,0.0041,-0.0048,0,0.0043,-0.0113,0.0493,0.0213,0.0198,-0.0329,0.0001,-0.0005,-0.2081,-0.1563,0.1991,0.0307,,-0.045,0.63%,0.82%,-0.72%,-0.32%,2.62%,0.24%,-0.29%,-2.24%,1.30%,-3.42%,1.16%,0.71%,1.73%,2.22%,0.52%
2014-04-30,-0.0103,-0.007,0.0377,0.0001,0.0042,-0.0058,0.0003,0.0033,0.0044,-0.0021,0,-0.0019,-0.0414,0.0117,0.0348,0.0104,-0.0389,-0.0001,-0.0015,-0.1016,-0.2794,-0.1779,-0.0502,,-0.0536,1.50%,0.72%,-2.56%,-2.33%,0.89%,0.36%,-0.84%,-3.75%,-1.15%,-0.99%,-0.07%,-0.84%,2.46%,-1.43%,1.04%
2014-05-31,0.0151,-0.0027,-0.011,0.0102,0.0309,0.0135,0.0107,-0.0052,0.0045,0.0113,0,0.0206,-0.0189,-0.0013,0.0005,-0.0101,0.0088,-0.0015,0.0001,0.0934,-0.1315,-0.1222,0.0029,,0.032,3.33%,2.33%,1.49%,1.17%,1.44%,1.71%,2.30%,0.69%,1.59%,4.07%,-0.27%,2.21%,4.58%,-4.38%,-4.41%
2014-06-30,0.0101,0.007,-0.0482,0.0053,0.0154,0.0114,0.0166,0.0005,0.004,0.0096,0,0.0261,0.031,-0.007,-0.0189,-0.0198,0.0069,0.0004,0,-0.1841,-0.1778,0.0106,0.0149,,0.0189,0.96%,2.05%,4.44%,4.96%,1.90%,1.56%,2.99%,5.80%,4.31%,2.07%,2.44%,2.16%,0.59%,2.37%,4.44%
2014-07-31,-0.0097,-0.007,0.02,-0.0001,-0.0103,0.0045,-0.0059,0.0006,0.003,-0.0031,0,-0.0204,-0.0429,0.0003,0.0088,0.0051,-0.0014,-0.0006,-0.0001,-0.0784,-0.0918,0.0983,-0.0035,,-0.0229,-1.41%,-1.39%,-4.42%,-4.94%,-1.27%,-1.27%,-2.52%,-5.21%,-4.73%,-1.04%,-0.59%,-0.61%,-3.87%,1.62%,-0.47%
2014-08-31,0.0129,-0.0002,-0.0313,0.0113,0.0502,0.0031,0.0012,-0.0028,0.0018,0.0088,0,0.0424,0.0031,-0.0045,-0.0063,-0.0069,0.0082,-0.0012,0.0008,0.159,0.1981,-0.17,0.0031,,0.0583,4.08%,3.99%,4.94%,4.97%,3.49%,2.95%,4.72%,4.78%,5.15%,4.60%,3.39%,-0.25%,4.93%,15.72%,-3.85%
2014-09-30,-0.0018,-0.0028,0.0468,0.0054,0.0172,0.0014,-0.0137,-0.0069,0.0042,-0.0001,0,-0.0197,-0.0373,-0.0134,0.0131,-0.0049,0.005,0.0011,0,-0.1265,0.3726,0.4287,0.0212,,0.032,3.48%,-1.42%,-5.11%,-5.31%,-1.34%,-1.58%,-3.22%,-4.92%,-5.65%,-0.67%,3.94%,9.79%,-1.12%,-4.11%,4.77%
2014-10-31,0.0001,0.0045,-0.0399,-0.0092,0.0181,-0.0112,-0.0216,-0.0179,-0.001,-0.008,0,0.0252,0.0372,-0.0181,-0.0055,-0.0009,-0.0006,-0.0023,0.0012,0.0879,0.0727,0.2198,0.0423,,0.0375,-2.06%,2.42%,4.06%,4.48%,1.89%,2.09%,3.45%,3.93%,4.95%,2.30%,0.84%,-3.99%,-2.63%,11.44%,1.62%
2014-11-30,0.0189,0.0057,0.0064,0.0165,0.075,0.0171,0.0055,-0.001,0.0021,0.015,0,0.0255,-0.0228,-0.0309,0.015,0.0026,0.0068,0.0003,0.0007,0.0198,0.1673,0.0057,0.0024,,0.0523,6.91%,2.68%,1.30%,0.98%,2.43%,1.73%,2.80%,0.89%,1.08%,3.75%,8.48%,7.94%,2.54%,9.99%,12.38%
2014-12-31,0.0035,-0.0069,0.009,-0.0025,0.0167,0.0019,-0.0055,-0.0115,-0.0007,0.0001,0,-0.0006,0.0286,0.0227,-0.0122,0.0096,0.0112,-0.0012,0.0007,0.0917,-0.0281,0.0652,0.0258,,0.0323,1.44%,-0.27%,0.94%,1.25%,0.32%,0.02%,0.26%,0.73%,1.65%,-0.81%,4.58%,2.92%,-3.54%,9.36%,8.83%
2015-01-31,0.0028,-0.0037,0.0188,0.0269,0.0602,0.0066,-0.01,-0.0021,-0.0081,0.0081,0,-0.0311,-0.0091,-0.0358,0.016,-0.0166,0.0385,-0.0033,0.0004,0.373,0.691,0.0588,-0.0167,,0.0797,4.10%,-3.01%,-1.92%,-2.17%,-3.99%,-0.77%,-1.99%,-0.85%,-3.31%,-0.69%,12.95%,4.13%,5.84%,23.56%,24.42%
2015-02-28,0.0199,-0.019,-0.0574,0.0042,-0.0115,-0.0004,0.0225,0.0095,0.0074,0.0106,0,0.0613,0.0031,-0.0186,-0.011,-0.0179,-0.028,0.001,-0.0004,-0.0202,-0.1879,-0.0662,-0.0004,,-0.0068,-1.01%,5.73%,6.01%,5.82%,5.25%,2.96%,6.04%,5.95%,5.71%,5.43%,-2.41%,-8.87%,14.30%,-5.28%,1.12%
2015-03-31,-0.0042,-0.0021,-0.0031,0.013,0.024,0.0074,0.0036,-0.0027,-0.0008,0.006,0,-0.0112,0.0307,-0.0037,0.0009,-0.0051,0.0274,0.0006,-0.0003,0.0047,0.1463,-0.1819,0.0116,,0.029,2.03%,-1.59%,1.24%,1.18%,-1.58%,-0.44%,0.29%,1.17%,1.23%,-1.05%,5.86%,6.44%,2.55%,6.38%,6.61%
2015-04-30,-0.0002,-0.0044,-0.0386,-0.0075,-0.0429,0.0336,0.0085,0.0273,0.0063,0.0002,0,0.0059,-0.0306,0.0182,0.0002,-0.0065,-0.0727,-0.001,0.0004,-0.0406,-0.0578,-0.1109,-0.0044,,0.0033,-3.53%,0.95%,-1.54%,-1.69%,1.58%,0.10%,-0.39%,-2.20%,-1.26%,-1.05%,-6.59%,-6.75%,0.02%,-8.17%,-9.48%
2015-05-31,0.0215,0.01,-0.0083,0.0071,-0.0084,0.0037,0.0085,0.0052,0.0048,0.0083,0,0.0136,0.0082,-0.0114,-0.0178,-0.0072,0.0583,0.0026,0.0015,0.1261,-0.0111,-0.1291,0.0432,,-0.0165,-3.01%,1.27%,1.84%,2.00%,1.13%,0.63%,1.03%,2.75%,1.35%,3.37%,1.40%,1.53%,3.03%,-1.70%,3.26%
2015-06-30,-0.0046,0.0155,-0.0018,-0.0176,-0.0581,-0.0225,-0.0124,-0.0075,-0.0021,-0.0131,0,-0.0153,0.0289,-0.0079,0.0045,-0.0157,0.0302,0.0016,0.0008,0.0604,-0.0212,0.3158,0.029,,-0.107,-5.63%,-1.93%,-0.75%,-0.87%,-2.18%,-1.41%,-1.82%,-0.24%,-1.45%,-0.34%,-5.78%,-3.83%,-9.84%,-8.32%,-3.87%
2015-07-31,0.0152,0.0056,0.0388,0.0126,0.0433,-0.0201,0.0018,-0.0104,0.003,0.0087,0,0.0154,-0.0458,-0.0413,0.0031,-0.0246,0.1006,-0.0004,0.0011,-0.187,-0.1827,0.0971,0.0067,,0.0739,7.84%,2.08%,-0.17%,-0.29%,0.96%,1.30%,1.25%,0.54%,-1.01%,3.79%,8.74%,13.40%,8.24%,7.64%,0.99%
2015-08-31,-0.0191,0.0095,0.0785,-0.0263,-0.0276,-0.0286,-0.0281,-0.0024,-0.0004,-0.0199,0,-0.0604,0.0024,0.0277,0.0069,0.0124,-0.0208,-0.0015,0.0014,0.0587,0.0366,0.0733,-0.0074,,-0.0201,-6.25%,-6.04%,-5.89%,-5.85%,-5.83%,-3.71%,-5.13%,-7.03%,-4.81%,-6.00%,-1.77%,1.26%,-18.19%,0.10%,2.48%
2015-09-30,-0.0112,0.0062,0.0479,-0.0157,0.0287,-0.008,-0.0344,-0.0025,-0.0045,-0.0141,0,-0.0307,-0.028,0.0056,0.018,-0.006,0.0524,0,0.0015,-0.111,-0.1193,-0.1818,0.0083,,-0.0164,5.02%,-2.49%,-4.83%,-4.49%,-2.48%,-1.45%,-3.68%,-5.52%,-3.58%,-1.89%,3.06%,3.79%,-2.55%,7.03%,1.49%
2015-10-31,0.0172,-0.0059,-0.0559,0.0129,-0.0248,0.0275,0.0014,0.0094,-0.002,0.0053,0,0.0775,-0.0205,-0.0046,0.0086,0.0055,-0.0326,-0.001,0.001,-0.1658,-0.1717,-0.1975,-0.069,,0.0217,-2.48%,8.42%,5.55%,5.68%,7.62%,4.60%,6.00%,4.62%,6.59%,7.32%,-0.66%,-0.84%,-1.57%,-0.12%,-0.20%
2015-11-30,-0.0012,-0.0103,-0.0327,0.0141,0.0373,0.0015,-0.0117,-0.0073,0.0008,0.002,0,0.0056,0.0329,-0.0042,-0.0271,-0.0103,0.0229,0.0019,-0.0007,-0.0924,0.173,-0.0429,0.0391,,0.0872,7.08%,0.29%,1.73%,1.81%,0.39%,0.25%,0.26%,2.37%,1.32%,0.53%,4.29%,9.75%,2.41%,-1.40%,0.95%
2015-12-31,-0.0001,0.016,0.048,-0.0205,-0.0219,-0.0012,-0.013,-0.0078,0.0015,-0.0085,0.0001,-0.0217,-0.0297,-0.0261,0.0045,0.0003,0.0335,-0.0002,0.0002,-0.1873,-0.1002,-0.0439,-0.0011,,-0.0547,-5.24%,-1.59%,-3.96%,-4.21%,-0.96%,-1.42%,-2.66%,-3.39%,-4.88%,-0.13%,-0.36%,2.31%,-3.89%,-3.02%,-0.16%
2016-01-31,-0.0278,-0.0117,0.0948,-0.0057,0.0402,-0.0345,-0.0304,-0.0197,-0.0076,-0.0141,0.0001,-0.0577,-0.0348,0.0209,0.028,0.0307,0.0139,-0.0015,0.0014,0.245,0.0475,-0.1116,-0.0322,,0.1416,4.71%,-4.98%,-8.83%,-7.66%,-4.74%,-2.80%,-7.47%,-9.08%,-6.47%,-3.81%,2.88%,0.12%,-7.45%,16.35%,1.56%
2016-02-29,-0.0176,-0.0073,-0.0306,-0.0155,0.0323,-0.0087,-0.0181,-0.0009,-0.0105,-0.0108,0.0002,-0.0007,0.0085,-0.0057,0.0328,0.0199,-0.0426,-0.0031,0.002,0.0917,0.1988,0.0729,-0.0305,,0.0919,5.65%,-0.15%,0.45%,0.92%,0.08%,0.28%,1.21%,0.09%,1.57%,-1.28%,1.70%,-0.43%,4.55%,6.08%,-0.93%
2016-03-31,0.0067,0.0156,-0.0663,-0.0013,-0.0283,0.0319,0.003,0.017,0.0059,0.0029,0.0002,0.0696,0.0108,0.0119,0.0076,-0.0004,-0.0504,0.0011,-0.0032,-0.1933,-0.1437,-0.1332,-0.0169,,-0.0672,-1.89%,6.77%,8.23%,8.35%,6.60%,4.59%,7.98%,7.74%,8.90%,5.31%,-5.24%,-5.15%,-6.11%,-3.25%,-6.91%
2016-04-30,-0.007,-0.0087,-0.0433,0.0025,-0.0304,0.0121,0.0167,0.0148,0.0142,0.0034,0.0001,0.0091,0.0122,0.0328,-0.0292,0.0186,-0.0607,-0.0008,-0.0026,-0.1836,0.039,0.3386,-0.0076,,-0.0058,-4.04%,0.37%,1.70%,1.72%,1.52%,0.51%,0.52%,1.29%,2.07%,-0.63%,-4.81%,-10.16%,-2.37%,-2.16%,1.21%
2016-05-31,0.0138,0.0021,-0.0065,-0.0023,-0.032,-0.0021,0.0101,0.0058,0.0012,0.0036,0.0001,0.0178,-0.0062,-0.0166,-0.0107,-0.0249,0.0137,0,-0.0011,-0.0671,-0.2232,-0.1499,0.018,,-0.0362,-3.23%,1.78%,1.77%,1.93%,1.13%,1.08%,1.85%,2.52%,1.44%,2.45%,1.18%,1.17%,-2.43%,5.33%,-0.60%
2016-06-30,-0.0187,-0.0253,-0.0144,0.0069,0.0419,0.0077,-0.0055,0.0056,-0.005,-0.001,0.0002,-0.0005,0.0044,-0.0148,0.0139,0.0191,0.0413,-0.0017,0.0002,0.1672,0.226,0.1562,-0.0152,,0.066,7.54%,0.25%,-0.13%,0.25%,1.10%,0.92%,-0.08%,0.48%,0.07%,2.95%,7.08%,-1.56%,6.87%,20.37%,10.13%
2016-07-31,0.013,0.0086,-0.0806,0.0029,0.0161,0.0179,0.0152,0.0148,0.0108,0.0115,0.0002,0.0395,0.0249,-0.0127,0.0125,-0.0119,-0.0332,-0.0014,-0.0017,-0.0191,-0.1643,0.1611,0.0288,,0.0216,2.91%,3.68%,5.37%,5.07%,2.82%,2.64%,4.62%,5.57%,4.67%,2.68%,-0.85%,-0.51%,-6.20%,1.28%,0.20%
2016-08-31,0.0044,0.001,-0.0333,0.0018,-0.0309,0.018,0.0133,0.0126,0.0076,0.0047,0.0002,0.0049,0.017,0.0313,-0.0188,-0.0034,-0.0349,0.0006,-0.0004,-0.1031,-0.1492,-0.069,-0.0066,,-0.063,-1.85%,0.13%,0.86%,0.62%,0.66%,0.06%,0.15%,0.48%,0.74%,-1.49%,-1.70%,-2.03%,-1.40%,-3.32%,0.50%
2016-09-30,0.0013,0.0062,-0.0106,0.0011,-0.0172,0.0057,0.0009,0.0104,0.0075,0.0012,0.0002,0.0025,0.0186,-0.0123,-0.0223,0.0003,0.0015,0.0007,0,-0.0486,-0.1451,-0.216,0.018,,-0.0764,-1.30%,0.01%,0.89%,0.39%,-0.45%,0.08%,0.36%,0.52%,0.30%,0.50%,1.32%,0.96%,0.38%,1.48%,2.57%
2016-10-31,-0.0093,-0.0027,0.0399,0.0151,-0.0417,0.0039,-0.0008,0.0007,0.0042,-0.0018,0.0002,-0.0202,-0.0404,0.0412,0.0096,0.0028,0.006,0.0013,-0.0006,0.0576,0.0813,0.029,0.0108,,-0.0265,-3.86%,-1.83%,-3.88%,-4.12%,-1.15%,-1.68%,-3.08%,-5.41%,-3.00%,-1.94%,-3.47%,-0.12%,-3.03%,-14.22%,1.15%
2016-11-30,-0.0013,-0.0189,-0.0243,0.0193,-0.0174,-0.0048,0.011,-0.0004,0.005,0.0036,0.0001,0.0486,0.0704,0.0819,-0.0021,0.0369,-0.0462,0.0038,-0.0005,0.2323,0.4721,0.056,-0.0016,,0.002,0.99%,3.70%,7.88%,8.61%,5.96%,1.62%,4.67%,6.53%,10.25%,-0.59%,-4.94%,-3.88%,1.81%,-10.49%,-6.09%
2016-12-31,0.0086,-0.005,0.0035,0.0108,0.002,-0.0017,0.0123,0.0039,0.0091,0.0096,0.0003,0.0181,0.0039,0.0356,0.0123,-0.0022,-0.0025,0.0035,-0.0023,-0.1254,-0.0875,-0.0727,-0.0165,,0.0451,2.61%,1.96%,1.82%,1.86%,2.63%,1.22%,0.65%,0.63%,2.81%,1.10%,-4.03%,-6.88%,-6.74%,1.36%,-2.15%
2017-01-31,0.0112,0.0201,-0.0299,-0.0028,-0.0145,0.0214,0.0135,0.0131,0.0096,0.007,0.0004,0.0194,-0.0143,-0.0276,-0.005,-0.0099,-0.0094,-0.0006,-0.0011,-0.215,-0.158,-0.2023,0.0193,,-0.0631,-2.20%,1.88%,2.12%,1.57%,0.65%,1.25%,2.98%,2.73%,0.66%,3.15%,0.44%,1.30%,0.20%,-3.36%,3.02%
2017-02-28,0.0136,-0.0112,-0.0186,0.0033,0.0239,0.0101,0.0107,0.0113,0.0072,0.0097,0.0004,0.0357,-0.0221,-0.0168,0.0045,-0.0183,-0.016,-0.0001,-0.0001,-0.0978,-0.3181,-0.0672,-0.0275,,-0.0414,4.38%,3.96%,2.44%,2.34%,3.61%,2.48%,3.09%,2.75%,2.06%,3.80%,3.96%,1.60%,8.16%,7.91%,1.22%
2017-03-31,0.0094,0.0125,-0.02,0.0019,-0.0191,0.0107,0.0022,-0.0021,0.0062,0.0039,0.0003,0.0017,0.0074,-0.0332,0.0062,-0.0094,-0.0103,0.0006,-0.0002,-0.1682,-0.1566,-0.0604,-0.0352,,-0.0086,-3.02%,0.10%,-0.08%,-0.24%,-0.98%,0.01%,0.02%,0.42%,-0.79%,2.05%,-1.73%,-4.36%,10.96%,-3.23%,-4.34%
2017-04-30,0.0148,0.0017,-0.0137,-0.0059,-0.0054,0.0109,0.0058,0.0029,0.0037,0.0043,0.0005,0.0109,0.0047,-0.021,0.0191,-0.016,0.0048,-0.0018,0.0007,-0.0468,-0.0459,-0.108,-0.0237,,-0.0002,-2.12%,1.02%,1.12%,0.85%,0.00%,0.94%,1.16%,1.36%,0.45%,2.58%,-2.44%,-2.85%,4.10%,-4.90%,-3.87%
2017-05-31,0.0175,-0.0028,-0.0113,-0.0049,0.0043,0.0082,0.0096,0.0009,0.0088,0.0082,0.0006,0.0106,-0.0303,-0.0378,0.0095,-0.0181,0.015,0,-0.0002,-0.1077,0.0958,-0.0904,-0.0371,,-0.0275,-1.10%,1.39%,-0.79%,-1.15%,0.12%,0.90%,0.91%,0.33%,-2.36%,4.77%,0.56%,0.66%,4.84%,-2.25%,0.19%
2017-06-30,-0.0019,0.0048,-0.0046,-0.007,-0.0329,0.0073,-0.0045,-0.0017,0.0036,-0.0049,0.0006,0.0078,0.0257,0.0148,-0.0225,0.0001,-0.0009,-0.0011,-0.0007,-0.0915,-0.0648,0.0017,0.0311,,-0.0082,-3.89%,0.61%,2.31%,2.23%,1.71%,0.55%,0.63%,2.03%,2.40%,0.35%,-1.08%,-0.87%,-5.02%,-0.90%,1.26%
2017-07-31,0.019,0.0347,-0.0106,0.0134,0.0129,0.0211,0.0124,0.0122,0.0087,0.0137,0.0007,0.0187,-0.0166,-0.0024,-0.0069,-0.0012,0.0162,0.0013,-0.0011,-0.1548,0.1224,-0.054,0.0318,,-0.023,0.94%,2.04%,1.09%,1.11%,1.57%,1.28%,1.72%,1.27%,0.95%,3.48%,-0.14%,-5.06%,4.29%,1.60%,4.47%
2017-08-31,0.0083,0.0097,-0.0002,0.0036,0.0277,0.0174,-0.0071,-0.0028,0.0055,0.0059,0.0009,0.0016,-0.0182,-0.0209,0.0015,-0.0237,0.0329,-0.0011,0.0003,-0.0201,-0.1978,0.0604,-0.0256,,-0.0199,5.07%,0.29%,-0.41%,-0.94%,-0.45%,0.43%,-0.58%,-0.38%,-1.44%,1.47%,-0.35%,2.10%,-0.14%,-6.56%,1.33%
2017-09-30,0.0024,-0.0008,-0.0313,0.0012,-0.0266,0.0163,0.0038,0.0066,-0.0119,-0.0015,0.0009,0.0251,0.0477,0.0312,-0.0146,0.0168,-0.0132,-0.0001,0,-0.1157,0.0329,-0.1389,-0.0145,,0.0044,-6.41%,2.06%,4.23%,4.40%,3.00%,1.25%,2.27%,3.78%,4.92%,2.81%,2.15%,-0.19%,10.00%,8.54%,-5.98%
2017-10-31,0.0205,-0.0059,-0.0109,0.0079,0.0499,0.0181,0.0024,0.0041,0.0082,0.0128,0.0009,0.0225,-0.0193,0.0021,0.0092,-0.0324,0.0428,0.0016,-0.0014,-0.1554,-0.0239,-0.0592,-0.0484,,0.0699,8.79%,2.32%,1.39%,1.55%,1.80%,1.31%,1.43%,2.39%,0.83%,5.04%,2.42%,3.46%,11.28%,-1.86%,-1.64%
2017-11-30,0.0036,-0.0044,-0.0083,0.0008,-0.0009,0.0048,-0.0027,-0.0053,0.0048,0.001,0.0008,0.0312,-0.0036,-0.0008,0.0319,-0.0007,-0.0087,-0.0001,-0.0004,-0.0806,-0.2678,-0.1222,-0.0154,,-0.0004,0.05%,3.06%,2.85%,3.08%,3.53%,1.79%,3.15%,3.01%,3.15%,2.80%,-1.38%,-2.43%,-1.42%,-1.31%,0.65%
2017-12-31,0.0083,0.024,0.0036,0.0099,0.0164,0.0108,0.0154,0.0099,0.0091,0.0091,0.0009,0.0106,-0.0107,0.0005,0.0074,0.0166,-0.0155,0.0005,-0.001,-0.1131,-0.119,0.0084,0.0498,,-0.0144,2.05%,1.10%,0.47%,0.37%,1.49%,0.78%,0.93%,0.27%,0.50%,0.12%,4.29%,7.72%,2.62%,-0.60%,3.96%
2018-01-31,0.0311,0.0206,0.0015,0.0313,0.0466,0.0357,0.0161,0.0182,0.0087,0.0271,0.0012,0.0557,-0.0321,-0.0133,-0.0072,-0.01,0.0405,0.0018,-0.0014,0.2099,0.5127,0.0045,0.0111,,0.1628,4.39%,5.71%,3.35%,2.84%,4.78%,2.71%,4.34%,3.89%,1.98%,8.22%,1.67%,-0.13%,11.51%,-4.46%,4.54%
2018-02-28,-0.0193,-0.0163,0.0052,-0.0199,-0.075,-0.0135,-0.0131,-0.0093,0.0039,-0.0212,0.0011,-0.0365,0.0031,-0.0107,0.0054,-0.0239,0.0357,0.0028,-0.0003,-0.0921,-0.0844,0.0392,0.0505,,-0.0001,-8.51%,-3.70%,-3.81%,-4.07%,-4.36%,-2.61%,-4.05%,-3.21%,-4.78%,-1.46%,-5.46%,-4.53%,-14.75%,1.61%,-8.00%
2018-03-31,-0.0012,0.0033,-0.0016,-0.005,-0.0027,-0.0095,-0.0053,-0.0003,0.0048,-0.0006,0.0011,-0.0235,0.0358,-0.0023,-0.0046,0,-0.0114,-0.0002,0.0015,-0.0055,-0.1084,-0.0895,0.0034,,-0.0017,-0.45%,-2.55%,0.71%,1.12%,-2.52%,-0.96%,-0.11%,1.49%,0.82%,-3.44%,-1.34%,2.67%,-6.87%,-8.59%,2.65%
2018-04-30,0.0027,0.0055,-0.0132,0.0012,-0.006,-0.0065,0.004,0.0018,0.0036,0.0005,0.0014,0.0028,0.0093,0.0054,-0.0243,0.0127,0.0036,0.0003,0,-0.2193,0.1405,-0.0297,0.0124,,0.0312,1.41%,0.37%,0.24%,0.33%,0.46%,-0.05%,-0.17%,0.24%,0.34%,0.50%,0.95%,1.64%,0.88%,1.84%,-1.32%
2018-05-31,0.0038,-0.0107,-0.0186,0.0154,-0.011,0.0017,0.0052,-0.0056,-0.0079,0.0028,0.0014,0.0265,0.0474,-0.0318,-0.0204,-0.0147,0.0387,0.0011,0.0005,0.2701,0.2908,-0.1524,0.0704,,0.0138,-0.37%,2.39%,4.79%,5.07%,0.62%,1.93%,1.76%,5.80%,4.51%,3.45%,-2.11%,-0.67%,0.70%,2.28%,-11.84%
2018-06-30,-0.0099,-0.0011,-0.0218,-0.0038,0.0143,-0.0387,0.0065,-0.0038,0.0017,-0.0023,0.0014,0.0048,0.0081,-0.0233,0.0079,0.0024,-0.0233,-0.0007,0.0007,-0.1438,-0.0883,0.3065,-0.022,,-0.0047,2.05%,0.61%,0.87%,0.72%,0.19%,0.40%,0.93%,1.19%,0.34%,-0.07%,-0.07%,-1.15%,-0.49%,0.75%,1.49%
2018-07-31,0.0143,0,-0.0125,0.0019,-0.0113,0.0015,0.0062,0.0041,0.0042,0.0036,0.0016,0.0319,-0.0193,0.0047,0.0156,0.0035,-0.0143,-0.0002,-0.0002,-0.1983,-0.1793,-0.0351,-0.0058,,-0.0545,0.72%,3.71%,1.62%,1.82%,4.66%,2.01%,2.56%,0.98%,2.52%,1.76%,-0.28%,-0.65%,3.83%,0.52%,-3.48%
2018-08-31,0.0005,0.0014,-0.028,-0.0073,0.025,-0.0291,0.0017,-0.0036,0.003,0.0012,0.0016,0.0344,0.0063,-0.0399,-0.0029,-0.0265,0.0528,0,-0.0002,0.0425,0.1179,0.0117,-0.0168,,0.0106,3.88%,3.25%,4.51%,4.48%,1.96%,2.31%,2.51%,7.01%,2.40%,5.87%,2.74%,6.00%,-3.04%,-0.82%,4.43%
2018-09-30,0.0006,-0.0037,-0.0058,0.0035,-0.0071,-0.0136,0.0023,0.0087,0.0021,0.001,0.0015,0.0006,-0.0249,-0.0169,0.0064,0.013,0.0003,0.0011,0,-0.0565,-0.0327,-0.0485,0.0052,,0.0143,-0.86%,0.55%,-1.76%,-1.54%,0.56%,-0.13%,-0.49%,-1.34%,-1.75%,0.92%,-1.48%,-2.14%,0.64%,1.34%,-4.83%
2018-10-31,-0.0448,-0.0209,0.0939,-0.0138,-0.0348,-0.0255,-0.0272,-0.0138,-0.0024,-0.0257,0.0019,-0.0768,-0.0445,0.0344,0.0093,0.0359,-0.0206,0.0015,0.0004,-0.0251,0.0658,-0.0542,-0.07,,-0.0266,-6.65%,-6.85%,-10.08%,-10.10%,-4.98%,-4.77%,-8.40%,-11.35%,-9.01%,-9.86%,-0.53%,-4.22%,-10.73%,7.60%,5.68%
2018-11-30,0.0017,-0.043,-0.0256,-0.0066,-0.0099,0.0059,-0.0041,-0.0012,-0.0058,-0.0059,0.0018,0.0169,-0.0077,0.0027,-0.0055,0.0037,-0.0141,-0.0003,0.0018,-0.1553,-0.1593,0.0662,0.0254,,-0.0842,-1.36%,2.03%,1.85%,2.16%,3.39%,1.48%,2.39%,1.91%,2.38%,1.42%,-2.56%,-4.96%,1.48%,-2.04%,-1.35%
2018-12-31,-0.0246,0.0154,0.1296,0.003,0.008,-0.013,-0.0314,-0.0174,-0.0048,-0.0119,0.002,-0.0957,-0.0288,-0.0186,-0.0002,0.0022,0.0212,-0.0029,0.002,0.2617,-0.017,-0.0278,-0.0022,,0.0092,-1.10%,-9.04%,-10.70%,-11.11%,-9.33%,-4.93%,-9.88%,-10.69%,-11.43%,-7.51%,-0.45%,0.68%,10.13%,-8.56%,-1.85%
2019-01-31,0.0353,0.0141,-0.0838,0.0106,-0.0184,0.0373,0.0252,0.0287,0.0109,0.0177,0.0021,0.084,0.0302,-0.0045,-0.0079,-0.0151,-0.0865,-0.0012,0.0011,0.0827,-0.206,-0.1934,0.031,,-0.0773,-4.93%,8.00%,11.60%,11.83%,7.02%,5.54%,10.55%,12.56%,11.18%,6.46%,-6.06%,-8.41%,-13.73%,2.68%,-5.07%
2019-02-28,0.0145,0.0022,-0.0526,0.0001,0.0055,0.0385,0.0162,0.0059,0.0075,0.0108,0.0018,0.034,0.0174,-0.0268,0.0012,-0.016,0.0085,-0.0003,-0.0014,-0.0179,-0.1224,-0.0593,-0.0071,,-0.0246,2.16%,3.20%,4.95%,4.81%,2.91%,2.10%,4.22%,5.82%,3.95%,3.39%,-0.48%,-0.57%,-5.37%,-1.26%,4.20%
2019-03-31,0.003,0.009,0.0083,0.0153,0.0457,0.0045,0.0075,0.003,0.0034,0.0109,0.0019,0.011,-0.035,-0.041,0.0089,-0.0096,0.0216,-0.0011,0,0.3403,-0.04,0.0274,0.0109,,0.0398,6.24%,1.94%,-1.00%,-0.91%,0.57%,1.65%,1.31%,0.29%,-1.96%,2.12%,5.80%,-0.26%,2.12%,20.32%,4.94%
2019-04-30,0.0184,-0.024,-0.0388,0.014,0.0268,0.0021,0.0189,0.0111,0.0035,0.0136,0.0021,0.0397,-0.0117,0.0214,0.0161,-0.022,-0.0296,-0.0004,-0.001,-0.226,-0.1696,0.0969,-0.0063,,-0.0154,4.34%,4.04%,3.66%,3.59%,3.38%,2.40%,3.73%,3.25%,3.92%,2.26%,-0.31%,0.82%,2.66%,-4.63%,-0.12%
2019-05-31,-0.0236,0.0169,0.0337,-0.0087,-0.0061,-0.0237,-0.0112,-0.0035,0.0019,-0.01,0.0021,-0.0694,-0.0158,-0.0234,-0.0047,0.0175,0.0756,-0.0013,0.0006,0.425,0.0648,0.3881,-0.0057,,0.0652,-4.78%,-6.36%,-6.96%,-7.25%,-6.33%,-3.21%,-6.06%,-6.35%,-8.07%,-2.20%,5.73%,2.32%,-2.42%,18.98%,4.29%
2019-06-30,0.0182,0.005,-0.0288,0.0401,0.0262,0.0365,0.0162,0.0049,0.0067,0.02,0.0018,0.0693,0.0036,-0.0072,0.0091,-0.0043,-0.0223,-0.0033,0.0016,0.0737,-0.0529,0.0897,-0.0267,,0.0606,1.19%,7.03%,6.80%,7.04%,7.16%,4.63%,7.06%,7.34%,6.75%,6.12%,-0.39%,-4.57%,1.71%,10.29%,-5.16%
2019-07-31,0.0073,-0.0021,-0.0026,0.0096,0.0353,0.0172,-0.002,-0.0023,0.0013,0.0072,0.0019,0.0119,-0.0178,0.0047,-0.0007,0.0037,0.029,-0.0001,-0.0017,0.046,0.0164,-0.0713,0.0053,,0.021,7.34%,1.43%,1.62%,1.25%,0.77%,0.97%,1.31%,1.80%,0.77%,1.80%,2.65%,-1.17%,3.51%,3.71%,8.52%
2019-08-31,-0.005,-0.0046,0.023,0.0033,0.042,-0.0498,-0.0124,-0.0029,-0.004,-0.0014,0.0016,-0.0258,-0.0323,-0.0476,0.0055,-0.0069,0.0747,-0.0043,0.0002,0.6088,0.0104,0.1154,-0.0014,,0.0847,1.79%,-1.59%,-4.19%,-4.03%,-2.91%,-0.10%,-2.73%,-2.40%,-5.43%,0.27%,10.17%,8.62%,-2.38%,24.48%,7.19%
2019-09-30,-0.0012,-0.0107,-0.0267,0.0082,-0.0404,-0.0079,-0.0005,0.0012,0.0055,-0.0032,0.0018,0.0143,0.0027,0.0674,0.0184,0.0336,-0.0681,0.0007,-0.0003,-0.1365,-0.1281,-0.0189,-0.0494,,-0.0444,-5.06%,1.86%,1.02%,1.37%,3.38%,0.79%,2.07%,-1.55%,3.91%,-1.14%,-5.75%,-6.61%,-1.41%,-9.97%,-2.71%
2019-10-31,0.0136,0.0013,-0.0344,-0.0057,-0.03,0.033,-0.0018,0.0013,0.0064,0.0034,0.0016,0.0206,0.0026,-0.0192,0.0044,-0.0096,0.0019,0.0001,0,-0.0496,-0.2011,-0.159,0.0054,,-0.009,-5.24%,2.16%,1.90%,1.60%,1.86%,1.39%,1.07%,1.48%,1.70%,0.65%,-3.91%,-2.31%,-1.96%,-7.49%,-4.70%
2019-11-30,0.0131,-0.0057,-0.0351,-0.0018,0.0021,0.0004,0.0059,0.0104,0.005,0.0047,0.0012,0.0387,0.0044,-0.0201,-0.0159,-0.0125,-0.0263,0.001,-0.0008,-0.0516,-0.0865,-0.0191,0.0215,,-0.0038,0.48%,3.62%,4.57%,4.13%,3.43%,2.23%,3.22%,6.16%,2.51%,3.29%,-0.13%,-2.77%,7.71%,-2.98%,2.33%
2019-12-31,0.0231,0.0151,-0.0348,0.0151,0.0022,0.0427,0.0181,0.0214,0.0114,0.0161,0.0014,0.0277,0.0097,0.0176,0,0.0123,-0.0188,0.0005,-0.0011,0.1072,0.03,0.0426,-0.0032,,-0.018,-0.51%,3.01%,2.15%,2.18%,2.73%,1.64%,2.40%,1.48%,2.78%,1.69%,-2.85%,1.37%,3.13%,-10.23%,-7.76%
2020-01-31,-0.0079,-0.0116,0.01,0,0.0125,0.003,0.001,0.0013,0.0063,0.0016,0.0013,-0.0011,-0.0437,-0.0622,-0.0118,-0.0232,0.0603,-0.001,-0.0001,0.058,-0.1887,-0.0714,0.0186,,0.0732,0.21%,-0.05%,-0.58%,-2.04%,-2.52%,0.81%,-0.25%,-0.37%,-3.41%,3.74%,1.67%,-4.17%,-3.55%,15.19%,2.59%
2020-02-29,-0.033,-0.0106,0.0846,-0.0204,-0.0147,-0.0056,-0.0284,0.0107,0.0017,-0.0199,0.0012,-0.0813,0.0003,-0.0379,-0.0147,-0.0251,-0.0036,-0.0026,0.001,0.3198,0.372,0.2219,0.0425,,0.0058,-1.03%,-8.24%,-7.97%,-8.67%,-9.82%,-4.22%,-8.76%,-6.86%,-10.21%,-7.19%,1.23%,1.14%,-26.80%,14.97%,7.56%
2020-03-31,-0.0741,-0.0312,0.191,-0.0619,0.0027,-0.1027,-0.1347,-0.0643,-0.0651,-0.0728,0.0013,-0.1339,-0.0831,-0.1397,-0.015,0.0126,0.0816,-0.0063,0.0131,1.047,0.9984,0.7542,-0.1036,,0.0881,-1.32%,-12.37%,-21.34%,-21.87%,-14.65%,-8.47%,-18.41%,-18.36%,-24.94%,-11.54%,9.08%,18.95%,-26.53%,7.15%,18.14%
2020-04-30,0.0432,0.0164,-0.1732,0.0287,-0.0088,0.0404,0.0434,0.0192,-0.0191,0.0243,0,0.1365,0.0259,-0.0123,0.027,-0.0101,-0.0539,-0.0021,0.0005,-0.1138,-0.1536,0.0373,0.1176,,-0.0018,1.54%,12.81%,15.82%,14.65%,10.70%,8.55%,14.40%,16.45%,12.94%,11.70%,-1.37%,0.72%,-5.71%,2.95%,-7.00%
2020-05-31,0.0408,-0.0019,-0.1698,0.0217,-0.0058,0.0233,0.0285,0.0181,0.02,0.0249,0.0001,0.0558,0.0198,-0.0489,0.0095,-0.0325,0.0035,0.0001,-0.0019,-0.1338,-0.0346,-0.0386,0.0711,,-0.0436,0.25%,4.76%,8.80%,7.73%,2.83%,3.46%,7.10%,10.76%,4.73%,5.87%,-4.33%,-4.95%,-3.58%,-2.35%,-5.78%
2020-06-30,0.0111,0.0189,-0.0799,-0.0046,-0.0145,0.0634,0.0235,0.0201,0.0267,0.0116,0.0001,0.0246,0.0197,-0.0217,0.0009,0.0053,-0.0078,0.0006,-0.0037,0.0355,0.04,-0.0936,0.0625,,-0.0043,-1.87%,1.98%,4.04%,2.54%,-0.97%,1.72%,1.94%,3.03%,2.08%,4.32%,-1.64%,-2.46%,-2.23%,0.83%,-2.24%
2020-07-31,0.016,0.0434,-0.1092,0.0433,0.0283,0.044,0.0174,0.0372,0.018,0.0264,0.0001,0.0577,-0.032,-0.0138,0.0041,0.0096,0.0763,-0.0011,-0.0022,-0.0213,0.3971,0.1262,0.0017,,0.0535,5.77%,5.63%,5.67%,4.49%,3.60%,3.99%,6.46%,5.74%,3.31%,7.02%,-2.70%,-4.17%,1.24%,2.46%,-8.32%
2020-08-31,0.0267,-0.0007,-0.1883,0.0189,-0.0154,0.0146,0.0321,0.0138,0.0119,0.0172,0.0001,0.0763,-0.0089,-0.0295,0.0426,-0.012,0.0041,0.0003,-0.0007,-0.0845,-0.0266,0.1397,0.0439,,-0.0343,-1.52%,7.18%,7.18%,4.05%,4.24%,3.86%,3.15%,3.46%,4.60%,9.48%,-2.46%,-5.36%,1.41%,-4.46%,2.63%
2020-09-30,-0.015,-0.0112,0.0413,-0.0163,-0.0219,-0.0094,-0.002,0.004,0.0059,-0.0093,0.0001,-0.0363,0.0002,-0.0268,-0.014,-0.0189,0.0317,0.0003,0.0006,-0.186,-0.0423,0.0733,-0.0048,,-0.0669,-3.62%,-3.81%,-3.03%,-2.73%,-2.20%,-2.12%,-1.72%,-1.53%,-3.77%,-3.80%,-2.01%,-1.41%,1.62%,-1.04%,-6.95%
2020-10-31,-0.0063,-0.0047,0.042,-0.0108,-0.0015,-0.0189,-0.0032,0.0049,0.0078,-0.0047,0.0001,-0.021,0.0464,0.0421,-0.0075,-0.0076,-0.031,0.0011,-0.0003,0.0285,-0.1861,0.0222,0.0407,,0.0017,1.92%,-2.67%,0.46%,1.99%,-2.06%,-1.48%,-0.10%,0.86%,3.01%,-4.19%,0.21%,2.50%,0.60%,-2.33%,-1.92%
2020-11-30,0.04,-0.0057,-0.2467,0.0253,0.0073,0.042,0.0675,0.0283,0.0111,0.0299,0.0001,0.1247,0.0712,0.0214,-0.0221,0.0137,-0.1245,0.0008,-0.0022,-0.1555,-0.2604,0.0048,0.0231,,-0.0429,-0.50%,10.94%,18.29%,16.01%,12.87%,7.66%,13.44%,14.10%,17.70%,10.63%,-7.48%,-7.97%,-22.35%,-2.28%,-0.99%
2020-12-31,0.0415,0.0178,-0.044,0.0448,0.0527,0.0326,0.0376,0.0083,0.0138,0.0378,0.0001,0.0463,0.0479,-0.0151,-0.0198,-0.0011,-0.0226,0.0006,-0.002,-0.1644,-0.0236,0.1811,0.0502,,0.0144,7.67%,3.84%,7.20%,7.38%,3.59%,2.71%,4.11%,8.27%,6.66%,3.44%,3.74%,5.60%,1.58%,0.26%,5.39%
2021-01-31,-0.028,-0.0008,-0.1201,0.0032,-0.012,0.0386,0.014,0.0134,0.0134,-0.0022,0.0001,-0.0003,0.0691,0.0296,-0.038,0.049,0.0452,0.0015,-0.0007,-0.1183,-0.211,0.1193,-0.0501,,-0.0484,1.65%,-1.02%,2.86%,2.20%,-0.80%,-0.49%,-0.53%,2.29%,2.09%,1.59%,-0.98%,0.73%,1.57%,-4.56%,-2.45%
2021-02-28,0.0455,0.0145,0.0733,0.0091,0.0312,0.0104,0.0315,0.0212,0.0036,0.0233,0,0.0278,0.0453,0.0718,0.003,-0.0194,-0.0793,0.0018,0,1.2577,0.1143,-0.101,0.0259,,0.1309,4.73%,2.76%,5.19%,6.12%,5.07%,1.26%,5.25%,3.12%,8.77%,-0.59%,-4.53%,1.03%,-1.26%,-23.71%,2.70%
2021-03-31,0.0074,-0.0046,0.1473,0.015,0.0036,-0.0219,0.0164,-0.0081,0.0041,0.0073,0,0.0308,-0.0086,0.074,0.0646,0.0341,-0.0611,0.0035,-0.0003,-0.0068,0.098,-0.1505,-0.0729,,0.029,2.80%,4.37%,-0.41%,1.60%,6.49%,1.57%,2.36%,-2.80%,5.17%,-1.19%,-0.06%,-2.96%,10.57%,-0.89%,-1.35%
2021-04-30,0.031,0.0239,-0.0455,0.0355,0.0269,0.0308,0.0192,0.0071,0.0124,0.0259,0,0.0493,-0.0315,-0.0094,0.0248,-0.0269,0.0114,0.0003,-0.0017,-0.0825,-0.264,0.0936,0.0031,,0.0268,1.82%,5.32%,4.21%,4.03%,3.53%,3.44%,4.82%,3.85%,4.16%,7.06%,4.42%,8.70%,4.30%,-0.62%,1.41%
2021-05-31,0.0042,0.0072,0.055,0.0264,0.0176,0.0073,0.011,0.0069,0.005,0.011,0,0.0029,0.0123,0.0708,0.0253,0.0301,0.0088,-0.0002,0.0004,-0.1205,0.0224,0.0086,-0.0324,,-0.0123,3.39%,0.69%,-0.67%,0.06%,2.87%,0.36%,0.80%,-2.76%,2.13%,-1.06%,2.93%,3.50%,5.79%,-0.90%,3.78%
2021-06-30,-0.0065,-0.0104,-0.1084,-0.0277,-0.0056,0.012,0.0057,0.0014,-0.0007,-0.0067,0,0.0275,-0.0034,-0.0782,-0.0218,-0.0095,0.0224,-0.001,-0.0008,0.0466,0.0401,0.0035,0.0376,,-0.0033,-1.29%,2.32%,3.45%,1.42%,-1.18%,1.87%,1.79%,4.76%,-0.96%,1.86%,-3.90%,-2.98%,2.52%,-7.02%,-7.17%
2021-07-31,0.0144,0.0154,-0.0093,0.001,0.0086,-0.0447,-0.0053,-0.0087,0.0056,0.0029,0,0.0127,-0.0462,-0.0176,0.0549,-0.0048,-0.0229,-0.002,0,0.4082,-0.1779,-0.18,-0.0002,,0.0074,3.38%,2.36%,-1.23%,-1.44%,0.99%,1.48%,1.28%,-1.18%,-1.64%,0.92%,-3.48%,2.04%,2.31%,-13.69%,-7.80%
2021-08-31,0.0088,-0.0005,-0.1375,0.0086,0.0004,0.0186,0.0234,0.0081,0.0026,0.0092,0,0.0291,-0.0067,-0.0016,-0.003,-0.0176,0.0252,-0.0004,0.0004,0.1905,-0.1348,-0.1095,0.0037,,-0.0182,2.10%,3.03%,2.00%,1.96%,2.13%,1.65%,3.00%,1.83%,2.06%,4.12%,1.31%,-0.11%,6.72%,0.67%,0.79%
2021-09-30,-0.0154,-0.0035,0.0826,0.0158,0.0094,-0.0024,0.0061,0.0034,-0.0001,-0.0002,0,-0.0437,0.0114,0.0508,-0.019,0.0214,0.0157,0.0009,-0.001,0.1713,0.0495,-0.0311,-0.0129,,-0.0012,2.73%,-4.66%,-4.02%,-3.12%,-3.96%,-3.12%,-4.17%,-3.80%,-2.57%,-3.47%,1.08%,3.96%,-3.93%,-1.40%,1.76%
2021-10-31,0.022,0.0048,-0.0663,0.0036,0.0387,0.0164,0.017,0.0136,-0.0031,0.0128,0,0.0665,-0.027,-0.0048,0.0168,-0.0144,0.0321,0.0021,-0.0009,0.3807,-0.0337,-0.0495,0.0157,,0.0765,3.02%,6.99%,5.42%,4.90%,5.47%,4.04%,6.61%,5.38%,4.51%,8.59%,6.44%,4.43%,8.92%,5.07%,10.07%
2021-11-30,-0.0298,-0.0047,0.0628,-0.0311,-0.0395,-0.0119,-0.0184,-0.0022,-0.0046,-0.0221,0,-0.0155,-0.0176,-0.0044,0.0722,0.0174,0.0082,-0.0002,-0.0005,0.0684,0.1029,0.0386,-0.0264,,-0.0482,-2.58%,-0.70%,-5.02%,-4.34%,-3.04%,-0.77%,-2.53%,-6.10%,-3.01%,-3.95%,-11.48%,-7.92%,-8.66%,-18.44%,-13.17%
2021-12-31,0.0299,0.0192,0.0033,0.0349,0.0021,0.0007,0.0026,0.0058,0.0131,0.0192,0.0001,0.031,-0.0077,0.0328,0.0492,0.0443,-0.026,-0.0009,0.0011,-0.1843,-0.2326,-0.1769,-0.0235,,-1.90%,-1.63%,4.47%,0.55%,3.47%,6.90%,2.17%,3.87%,1.63%,4.90%,-0.48%,5.03%,4.11%,12.51%,3.36%,3.07%
2022-01-31,-0.0243,-0.0082,0.0108,0.0344,0.0143,-0.0193,-0.0203,-0.0095,-0.0006,-0.0066,0,-0.0625,-0.0405,0.1275,0.0087,0.0771,-0.0259,0.003,-0.0001,0.1278,-0.0384,0.1497,,,-0.60%,3.35%,-5.19%,-10.11%,-7.92%,-1.04%,-4.51%,-7.86%,-12.64%,-4.46%,-9.03%,5.48%,9.31%,-8.55%,11.72%,1.59%
2022-02-28,-0.0144,0.0051,0.0042,0.0326,0.021,-0.0271,-0.0042,-0.0035,-0.0059,0.0037,0,-0.0229,0.0296,0.0304,-0.0208,0.0313,0.0176,0.0017,0.0021,0.2863,-0.1858,0.2723,,,0.69%,5.67%,-3.00%,-0.02%,0.85%,-1.16%,-1.98%,-1.00%,-0.44%,1.71%,-2.68%,3.92%,6.83%,-4.96%,6.14%,2.35%
2022-03-31,0.0051,0.0024,0.0084,0.0879,0.0849,-0.0275,0.0025,-0.0118,-0.0031,0.0243,0.0001,0.0305,-0.0215,-0.018,-0.0156,0.0317,0.03,0.0019,0.0013,0.661,0.196,0.133,,,13.38%,13.73%,3.70%,0.84%,1.46%,3.24%,0.83%,2.67%,1.20%,1.63%,4.77%,10.16%,10.49%,1.93%,26.99%,-2.58%
2022-04-30,-0.0184,-0.0091,0.0633,0.0306,0.0443,-0.0117,-0.008,0.0048,-0.0054,0.0039,0.0001,-0.0946,-0.004,0.0619,0.0363,0.0592,0.0489,0.0062,-0.0025,0.2948,0.5285,-0.1253,,,9.81%,7.81%,-8.73%,-10.58%,-8.25%,-4.74%,-6.99%,-8.05%,-10.98%,-6.37%,-12.68%,5.18%,2.23%,-2.31%,13.83%,7.29%
2022-05-31,-0.0046,0.0116,-0.0117,0.0156,-0.0006,0.0044,-0.0131,-0.0239,0.0034,-0.0063,0.0003,-0.0034,-0.0006,0.0841,0.0144,0.0398,0.0248,0.0015,0.0031,-0.0001,0.0206,-0.0831,,,-0.73%,-2.18%,0.17%,-2.25%,-0.03%,2.33%,0.12%,-0.34%,-2.88%,1.85%,-0.60%,0.36%,0.44%,0.33%,2.15%,-1.72%
2022-06-30,-0.0277,-0.0108,0.0427,-0.0315,0.0114,0.023,-0.0358,-0.006,-0.0186,-0.0206,0.0006,-0.0843,0.013,-0.0597,0.0185,-0.047,0.0079,0.0025,-0.0009,0.6111,0.2304,0.0158,,,1.23%,-3.24%,-8.27%,-9.27%,-9.40%,-7.98%,-5.67%,-9.40%,-8.01%,-10.31%,-6.38%,-0.38%,-5.20%,-10.62%,7.66%,8.25%
2022-07-31,0.0124,-0.0169,-0.0653,0.0135,-0.0245,-0.0082,0.0108,0.0038,0.0073,0.0053,0.0008,0.0957,0.0188,-0.041,0.0068,-0.0694,-0.0396,-0.0025,0.0019,0.3098,-0.0587,0.0239,,,-1.70%,-6.23%,9.21%,10.28%,10.56%,5.22%,6.49%,9.59%,11.71%,9.76%,5.17%,-5.22%,-0.08%,-9.11%,-15.64%,-1.28%
2022-08-31,-0.0132,0.0147,0.018,0.0208,0.0307,-0.0086,0.0071,0.0128,-0.0002,0.0051,0.0019,-0.0377,0.0151,0.0031,-0.0479,0.013,0.021,0,-0.0006,0.0906,0.0384,-0.102,,,2.00%,2.34%,-4.09%,-2.10%,-2.61%,-2.72%,-3.31%,-2.97%,-2.43%,-2.73%,-1.99%,6.52%,1.55%,4.93%,18.32%,4.87%
2022-09-30,-0.0274,-0.0101,0.0789,0.0199,0.0346,-0.0234,-0.0251,-0.0045,-0.0077,-0.0068,0.0019,-0.0935,-0.01,0.0003,-0.0149,-0.0085,0.0348,0.0062,-0.0008,0.3875,0.2277,-0.0294,,,7.19%,5.28%,-9.22%,-9.92%,-9.58%,-7.91%,-7.27%,-9.88%,-9.00%,-9.97%,-5.95%,4.71%,-3.49%,6.74%,16.43%,6.88%
2022-10-31,0.0167,0.0042,-0.0345,-0.0095,0.0028,-0.0172,0.0086,-0.0029,0.0042,0.0055,0.0023,0.0783,0.0187,0.0806,0.0306,0.0656,0.0389,0.0046,0.001,0.0633,-0.1134,-0.2291,,,-2.54%,1.27%,8.08%,8.54%,9.91%,11.89%,4.26%,8.51%,7.04%,12.02%,12.55%,-1.72%,3.02%,-13.85%,0.59%,-4.59%
2022-11-30,0.0368,0.0165,-0.0811,-0.0485,-0.0465,0.0419,0.0093,-0.0025,0.0034,0.0026,,,,,,,,-0.0009,-0.001,0.0426,0.1442,-0.1036,,,-5.77%,-8.00%,5.58%,3.58%,4.42%,6.06%,4.60%,6.12%,2.70%,5.62%,3.47%,-6.88%,-5.83%,-9.65%,-6.85%,-6.94%
2022-12-31,,,,,,,,,,,,,,,,,,-0.35%,-0.21%,,,,,,,,-6.22%,-7.07%,-6.39%,-4.15%,-3.68%,-5.87%,-6.55%,-6.29%,-4.51%,1.56%,-0.61%,-0.25%,12.09%,-4.15%
